identity_check_id,issuer_id,provider,status,level,alias_confidence,opted_in,initiated_at,completed_at,failure_reason,raw_response
a30c1546-4aab-4adb-9e07-e3d78570e2be,ccaea7d9-bae4-47f5-934a-9cc912f86701,Persona,PASSED,basic,84.56,True,2025-11-19,2025-12-07,,
b5ccbe63-47ac-413a-bb0c-07f34c8a54c5,829f67cb-4b53-42f3-822d-84227f11f94e,Persona,PASSED,basic,77.0,True,2025-09-30,2025-06-02,,
a2162a73-6b0d-43d3-8ae3-bab242488881,10c0959e-d7e3-4da3-9f28-cafc526c28b5,Persona,PASSED,basic,94.01,True,2025-10-20,2025-05-01,,
ef114f5f-a4e0-4f2b-8cf4-f1c357d7fa4d,abdae7df-e802-47e4-8400-48341e3b9e8f,Persona,PASSED,basic,98.12,True,2025-04-29,2025-06-03,,
65fa37a7-08ba-4622-8f8c-9d4c7baae7b4,a8f13cbb-81c1-499a-ba4b-988768d4281d,Persona,PASSED,basic,71.86,True,2025-08-17,2025-04-16,,
91a8b407-84ed-4aa3-85de-7a3a680ab9a2,5dd3a85c-70b2-4584-a0a6-52171633dbf7,Persona,PASSED,basic,89.48,True,2025-06-24,2025-04-27,,
b544c4a4-4e14-4fb9-8c03-70347d305416,a42957b6-91a0-49c0-836f-05439a624721,Persona,PASSED,basic,91.9,True,2025-11-15,2025-03-09,,
67c1984d-1683-42f7-b2bb-2697bc84ba17,64c44d8a-9d6b-4168-9f7e-a59f3f80b9b8,Persona,PASSED,basic,71.2,True,2025-10-29,2025-01-27,,
ede352ab-b832-4f9c-bbc5-0d4a564ae392,f2b881ca-e228-45ad-a69e-185071b0255c,Persona,PASSED,basic,94.67,True,2025-05-23,2025-07-24,,
86fc4b62-42d4-4932-af6c-60808c9d04f8,dbceae64-37c9-4e4d-81d9-82a1a861eaf3,Persona,PASSED,basic,84.03,True,2025-02-12,2025-11-30,,
facce459-786e-4de2-abb7-4c5d3855714a,f2d2673f-88a0-42f2-be7d-5bd6004176c9,Persona,PASSED,basic,73.39,True,2025-12-31,2025-02-12,,
4867231b-eb22-4734-a49e-72f6d91ad669,cfad6fe9-7082-47f8-88a9-c7b9b31ef901,Persona,PASSED,basic,89.21,True,2025-10-28,2025-12-25,,
a8976666-78bf-4734-8be7-60d940daf05c,e0911e54-1a3c-4e22-8223-9eb125eb2cf8,Persona,PASSED,basic,74.42,True,2025-10-24,2025-07-01,,
df23b1fe-2fc6-42eb-8d66-2c050906a45f,6f669229-28ce-4a74-9e60-29706f71744a,Persona,PASSED,basic,76.04,True,2025-07-25,2025-08-03,,
dda3fef1-213a-4e3a-8f0c-a04f9f796d33,4e945ece-02ac-4e1c-8785-3c1980fe6195,Persona,PASSED,basic,78.51,True,2025-06-29,2025-07-27,,
7b296f4c-65fc-455c-a95c-63b8149950c8,2bb7d841-fb8f-40bb-9009-bb63ffab9528,Persona,PASSED,basic,76.51,True,2025-06-13,2025-03-27,,
5af71620-fc05-4b4e-a64c-252b4bb6dd92,091a660b-d893-4d01-8e2a-213d44517cd4,Persona,PASSED,basic,71.63,True,2025-05-23,2025-06-14,,
ba46a885-a181-45a9-b516-2b334fbceac6,9949e21a-9642-440b-a221-1f36996c5a21,Persona,PASSED,basic,90.13,True,2025-02-04,2025-04-03,,
4851359b-d7bc-4482-b1a3-f5cf1a885847,c0a59b98-2b64-4af9-b55b-a8e95edee24f,Persona,PASSED,basic,76.54,True,2025-08-14,2025-07-26,,
8efad9c8-0a22-4a2f-9c52-0a9d48c1095f,f6e4eac4-b04b-4924-9b8a-4e1b9cc7cd34,Persona,PASSED,basic,83.81,True,2025-08-12,2025-12-10,,
34bdfcbb-c255-42f9-b1b0-c6a8bad4f6b0,8dc6b418-614c-41b2-8349-698450f8a790,Persona,PASSED,basic,78.01,True,2025-08-15,2025-01-10,,
f15e806a-3b71-4ab8-bc8e-8c87a33293eb,647b40fd-7668-4e02-a56d-33e43a229476,Persona,PASSED,basic,83.22,True,2025-04-18,2025-01-01,,
3819fadc-64c7-46b8-81da-9ffd26f9b331,d8cfee6d-5580-4851-80ee-f5417972dcb1,Persona,PASSED,basic,96.51,True,2025-08-22,2025-07-04,,
b36fee2c-c14a-4ccd-9542-f63bf0d84b8d,aba5be12-b515-4d62-816b-d8c1db2211e6,Persona,PASSED,basic,99.37,True,2025-09-24,2025-07-21,,
29fc5610-09dc-45dd-b748-3ae7a7483cd2,5f08e39d-a1b7-4f24-b1e4-0ad14cc585a9,Persona,PASSED,basic,77.66,True,2025-03-06,2025-02-19,,
73a7d1c1-7f34-437e-8638-28eb9fc0d9b9,63f62047-0e35-4391-b1ce-3bdbfb4ac257,Persona,PASSED,basic,75.51,True,2025-05-01,2025-01-17,,
13be9495-99c1-40f3-82f0-52845444cf10,d7b5b786-e157-430c-9b39-34d7dc3750a9,Persona,PASSED,basic,74.23,True,2025-01-14,2025-01-20,,
975d40b0-c4ab-4058-8ee4-94dddf0afee3,0cc77338-9a14-4b8b-815b-af84c251d964,Persona,PASSED,basic,72.54,True,2025-03-01,2025-05-07,,
8761b34e-e89f-4f4c-8d68-34e547d5d4b9,98f84972-7a47-4b62-a782-966fe6184928,Persona,PASSED,basic,90.48,True,2025-01-29,2025-03-11,,
4a85aca3-4cd1-4a53-92c3-44496c8f88b6,22c79293-5104-4cd4-949a-ed45886902c9,Persona,PASSED,basic,82.63,True,2025-10-20,2025-09-12,,
4fe75cf0-e76d-445c-9118-fb561898c11a,6b9c5bd0-79e1-4f6b-8e55-0e1974bcbd6b,Persona,PASSED,basic,87.42,True,2025-08-17,2025-04-11,,
d21d9581-bc2d-4bd2-b613-acbf2285a6f0,3a640c34-0965-4e1e-a760-612a0899f2e5,Persona,PASSED,basic,82.27,True,2025-11-04,2025-07-28,,
2d500c4d-1a7f-4879-adfe-14ddbcd1f048,994b9788-d908-4e64-9f4f-32354e4cb05b,Persona,PASSED,basic,86.77,True,2025-02-06,2025-03-16,,
c0e863b8-8954-47fe-9d0d-b0c06f66e76a,1754e0cf-3cb5-4d3e-b675-4f072f520de3,Persona,PASSED,basic,97.59,True,2026-01-01,2025-12-28,,
cebd5b77-583b-4291-89af-d6a6fce0aa89,e22162a4-e937-430e-9559-4e2fe1754607,Persona,PASSED,basic,72.19,True,2025-10-20,2025-08-26,,
606b9cfb-1cc7-4898-b875-2f24f9badc4b,6ecb086e-4a12-4871-8621-1e6d0e027cce,Persona,PASSED,basic,91.92,True,2025-12-20,2025-09-27,,
1a791a2e-f25e-499f-8f46-b12b894cdb2f,426b59fd-2c6d-48a4-a8ab-da72c6f63a96,Persona,PASSED,basic,82.23,True,2025-02-01,2025-04-30,,
ca474ae5-2982-43c3-8836-8270d74f9696,e4209382-094c-4547-9a24-6df239aa0ca8,Persona,PASSED,basic,99.75,True,2025-11-17,2025-06-24,,
36936b4f-1f0b-4932-965b-505644583ffb,3c00515b-a19a-4535-8f78-815c4e7b1bfd,Persona,PASSED,basic,86.32,True,2025-07-23,2025-08-03,,
37adcf35-8323-4c58-a77b-e8c6ebeef91f,ef64ce8d-b2c1-4956-b230-e917dfab193a,Persona,PASSED,basic,93.28,True,2025-04-09,2025-04-06,,
e2559edb-44e9-4036-901e-374d10629ffa,54f17d67-9c81-4ec4-9968-fd9c3118a23f,Persona,PASSED,basic,92.66,True,2025-01-17,2025-06-23,,
21151f6b-d018-40d1-bf64-91eded65c54d,87833cac-5dd3-46da-8cae-3c3648a79b14,Persona,PASSED,basic,92.0,True,2025-03-02,2025-09-16,,
0e0c3510-60de-44d5-9e17-48b36d0cdee5,395501ee-a08a-467b-ac6f-ba8e05e763d5,Persona,PASSED,basic,91.78,True,2025-11-04,2025-05-09,,
34166e9e-bace-48b9-801f-b493d463e2d3,108f2bec-7e12-4d79-86fa-843506e42a82,Persona,PASSED,basic,79.49,True,2025-11-28,2025-10-02,,
e2d42036-8a5a-434f-b8b4-f592a434f652,b0ca7826-7f38-425b-9cfb-42b6b7cbce79,Persona,PASSED,basic,99.53,True,2025-12-17,2025-06-16,,
80a8ecce-a33d-49c5-8fd6-8d0279cad330,12217513-69b8-4046-b52f-e26c2dae9d18,Persona,PASSED,basic,94.79,True,2025-08-06,2025-02-25,,
9d6c4fdd-645c-4cb7-9a06-de34f3c9c80c,258e8201-f5d1-4d29-85f8-60d0019ee2df,Persona,PASSED,basic,88.76,True,2025-04-01,2025-05-14,,
8054fb1a-31d2-454f-9f32-f8209426425c,44e10f34-d034-4fad-960c-d0a99ae24fda,Persona,PASSED,basic,99.0,True,2025-01-17,2025-06-01,,
e8a4958d-a639-4b0b-acdc-c4b9a7f9deab,d000c22a-bb6b-4dab-93ee-56dc79c68aaf,Persona,PASSED,basic,71.1,True,2025-05-14,2025-08-23,,
6862ad51-453e-4e63-8470-ed5f4a141d9e,ac3242d2-290b-4a00-9490-0ff80ce2f109,Persona,PASSED,basic,88.37,True,2025-10-24,2025-04-07,,
e932d783-701a-461f-bbbf-1142e7f41395,916e4622-a5b3-490b-80bc-626f879e73d2,Persona,PASSED,basic,99.67,True,2025-11-25,2025-12-28,,
08ec3313-7662-40ea-994d-78724878ef5b,1bbe744f-6034-440c-a71e-e0e586f7fb4c,Persona,PASSED,basic,80.35,True,2025-04-27,2025-11-10,,
b19f6fac-139c-431b-95ae-e7cd1e169154,e033eebe-6ad7-49a0-85b5-3eccefb15a4e,Persona,PASSED,basic,74.95,True,2025-06-03,2025-06-27,,
b38d03d9-cc77-41b4-96cd-98ef50867c8c,76b88e24-e0aa-41f4-8b1c-20e93de664bd,Persona,PASSED,basic,83.63,True,2025-08-13,2025-11-09,,
c02fe78e-7e21-4c5e-9ab5-645b807d57c4,5d14ea89-31dc-4046-9841-0afab8db69cc,Persona,PASSED,basic,97.94,True,2025-08-13,2025-03-07,,
35e3c052-3f08-4b86-9b8a-0d8d88dd3de2,4bc6e72a-aa27-42e1-8930-697e22505263,Persona,PASSED,basic,93.14,True,2025-03-14,2025-12-28,,
6dc6862c-29bc-489e-963d-289c38b7adfc,a2795f07-de58-4fdd-9f3e-c246315cba66,Persona,PASSED,basic,87.36,True,2025-03-30,2025-10-02,,
5cf03439-b21a-491e-8131-adf005a2c359,9e9cf675-32fb-4649-a9f0-adae7d298ba9,Persona,PASSED,basic,77.15,True,2025-12-26,2025-10-31,,
f972304c-2ddc-4e2e-83c8-4538a220b630,a9efc097-ee8b-49b4-b9ae-a44f95bb4525,Persona,PASSED,basic,75.63,True,2025-08-03,2025-10-31,,
4d400016-96ab-48b5-a005-c98e86040cb2,bd5dadb2-3ce6-4757-8cb9-2d4767c03ed4,Persona,PASSED,basic,78.53,True,2025-05-29,2025-04-12,,
3f15fe63-aab9-4f8d-9e32-0083319e54c6,3c0887d0-48d7-48af-ae6e-237b288f4f4e,Persona,PASSED,basic,87.23,True,2025-11-24,2025-08-13,,
930af360-6097-4fa2-ba7f-2d21cecfe4ed,27b5a460-4702-42d8-a3f4-460e12c4fcf2,Persona,PASSED,basic,73.87,True,2025-03-06,2025-02-02,,
57fe0c59-d63a-40a3-abc2-5350170248b4,9f80d010-8e02-437b-851c-20eee94e3aec,Persona,PASSED,basic,76.26,True,2025-02-14,2025-05-21,,
ece27b32-3785-493d-8b77-9df5992756aa,8f84cc1e-a4a6-4e70-95fd-8b406157bfd8,Persona,PASSED,basic,95.54,True,2025-05-06,2025-03-01,,
c2964708-e6f1-41a9-99d5-e1469f3763b0,51d3de30-71cc-4a33-9737-5db948a43287,Persona,PASSED,basic,95.23,True,2025-06-22,2025-03-12,,
9d6089c4-0857-4b63-8eee-fa3eb2ac0e53,a8fdc3f2-de29-4ccd-81e7-2cf9660eb4ca,Persona,PASSED,basic,94.41,True,2025-12-26,2025-09-26,,
2834862b-e7d0-457f-9f60-d73c9d383747,05c833ae-9c4d-495f-a743-c23cde6e0d83,Persona,PASSED,basic,84.65,True,2025-03-06,2025-01-07,,
357e17f4-a65d-41eb-8704-80d5932bdaaa,ad10c260-9f2b-4185-baff-43c6bf249811,Persona,PASSED,basic,74.39,True,2025-08-19,2025-10-31,,
092a53c1-5abe-412c-9752-6559f9cedf19,306c0460-50d8-4e44-8f18-ff53b172af29,Persona,PASSED,basic,81.29,True,2025-12-04,2025-08-31,,
3770f76e-dbed-4d1e-bbe7-b2fb8e35094a,a58bbe00-2ae2-4b05-ac1d-f63eb33efc75,Persona,PASSED,basic,93.79,True,2025-05-23,2025-04-13,,
45946100-0ee7-459f-9809-e32c7d00c96e,3be52f7f-9490-46a2-9372-757fe9f0d896,Persona,PASSED,basic,94.41,True,2025-05-14,2025-02-28,,
2ed542b2-f51e-44d8-bdfd-820460105545,34668230-bc49-4101-85f5-2682da581b37,Persona,PASSED,basic,78.99,True,2025-02-21,2025-11-02,,
67536743-a787-4d7d-8122-35ccbda245f1,77fe4551-d393-4ac5-8e50-c519b2c9c3a3,Persona,PASSED,basic,96.38,True,2025-11-25,2025-05-28,,
e4917dc3-b580-466f-98da-3e3df8f292b0,70d79419-0cb9-4ca1-86ae-ad0a2191e387,Persona,PASSED,basic,82.02,True,2025-03-29,2025-04-27,,
6f681f7a-7631-4286-878f-28cc4ef8f072,78ae857d-0ad1-4179-9261-9c0eef2c7f98,Persona,PASSED,basic,82.64,True,2025-04-30,2025-11-07,,
4eebac04-4828-4362-a780-e59969c6ba94,2b0aa866-97fd-4726-a566-75adbc0bfcc0,Persona,PASSED,basic,82.66,True,2025-04-16,2025-08-22,,
5918c922-05c7-45ab-83fd-81c5bfd57221,418b373f-5120-4696-81af-3d7329e4e206,Persona,PASSED,basic,70.65,True,2025-10-18,2025-12-05,,
41480787-803a-4bf4-8598-58f9f6e27fb6,838c8d64-0408-4cae-9b55-7e4b19473d65,Persona,PASSED,basic,92.96,True,2025-04-21,2025-08-15,,
7caaa0e5-1696-427f-aee8-0c54d7b18902,65d9fd2b-bff9-4087-af54-00435b4192d9,Persona,PASSED,basic,94.26,True,2025-01-17,2025-07-28,,
b6a8287c-ec2e-451e-a5af-1f572be36c44,a4593520-a947-419f-87af-2b0214ec0c3f,Persona,PASSED,basic,82.17,True,2025-09-18,2025-04-12,,
6d9ee92b-e597-4918-b238-e6aa4b190bb2,e8faf80e-2d79-40a0-8882-922c7c2d6c6c,Persona,PASSED,basic,97.36,True,2025-04-27,2025-10-24,,
68782597-dfb8-4574-8275-d5096803afaf,ec280a6f-5370-4867-a414-9035e038c360,Persona,PASSED,basic,75.22,True,2025-05-27,2025-04-15,,
c86a9c5a-5267-4620-b8db-56d5bfa0d5f6,68d3e8a9-3370-4ce5-ba8f-35ec8b4a1398,Persona,PASSED,basic,98.21,True,2025-05-01,2025-09-08,,
5e37bad5-55fa-4d85-9a84-0c6cf942452c,86cda1db-ed26-4ddd-9afd-fdd844f14c8c,Persona,PASSED,basic,72.62,True,2025-02-16,2025-09-08,,
1a41eaa4-f0d2-4512-9df7-0907fbd2529e,d1664d62-663d-4b1a-a071-d6dfbd4eb758,Persona,PASSED,basic,73.36,True,2025-09-23,2025-07-11,,
cc87c0bc-b807-4b99-a1e1-5257f9a29035,50cc68d3-71f1-49ca-9ec3-4dbc97194b76,Persona,PASSED,basic,78.48,True,2025-06-21,2025-09-13,,
f61bb22d-dbb2-4408-95d4-c5aebfd5fdfc,7efd8050-726c-48f2-911a-ff0ae7e9db0c,Persona,PASSED,basic,92.33,True,2025-03-13,2025-04-25,,
003d94fa-ec7e-4a5a-b235-f55a2cb3070c,77f6e1f4-7a20-4c6d-8e94-b5270c634d07,Persona,PASSED,basic,72.45,True,2025-08-31,2025-04-21,,
e31073c6-b46c-45fd-9b23-450265d5a330,16a868a3-303d-4cdc-8772-077b9e59affb,Persona,PASSED,basic,74.92,True,2025-06-21,2025-07-09,,
9a515f06-07aa-4953-8e82-cd6b5a8916b1,1e32ada0-ed68-42f0-a9b3-1a2ac7955e5e,Persona,PASSED,basic,97.63,True,2025-04-04,2025-05-23,,
67796432-9fdd-45ce-8636-6c5bab11675c,2741ac32-87fb-419d-baa8-ea9a4a13559f,Persona,PASSED,basic,94.49,True,2025-12-24,2025-11-18,,
76b5306a-e20e-4390-b9bd-1fc0c2c49fae,356cc07a-a2e7-4fc0-8860-2439157cdb33,Persona,PASSED,basic,94.99,True,2025-05-11,2025-05-10,,
f33f6504-9e6d-4c89-9510-21c14a6e2867,7bf92559-a507-49cf-aad4-e7daae737a16,Persona,PASSED,basic,73.86,True,2025-05-06,2025-04-22,,
e1975c24-a90a-4cf0-820d-e1aab0c02814,f8c35247-d8df-4da3-96e1-cb8d7849b745,Persona,PASSED,basic,78.62,True,2025-02-01,2025-01-01,,
7368ee8f-24c1-4ae0-b315-0e299216f3d9,d4e17616-fd6f-4d6d-8420-eac53627f6d2,Persona,PASSED,basic,75.02,True,2025-01-14,2025-05-12,,
052c3392-39ed-4a0b-a250-75c4619fe1d7,3380224a-6504-4225-bbd4-3d160005013b,Persona,PASSED,basic,76.18,True,2025-08-11,2025-08-14,,
b172c4eb-5fec-4009-9b27-06c08b7838f4,58de9b0d-4a6b-4f47-b964-6d870f7ac9b2,Persona,PASSED,basic,71.6,True,2025-12-04,2025-06-25,,
d7bd714f-9381-4e44-b544-da2c2500cb3d,810c6905-187d-43eb-93ec-7454b507570a,Persona,PASSED,basic,99.68,True,2025-12-21,2025-10-13,,
52d5cf83-2af2-4a79-9357-3f40d5722c78,c0ea83a5-f861-48b0-aaf1-03be0f1193f4,Persona,PASSED,basic,93.91,True,2025-05-08,2025-09-10,,
30fd0744-6412-42ef-9f0f-606ab86c15bd,5bf27cab-4c7f-4cb0-b1ca-2b0c90393976,Persona,PASSED,basic,78.91,True,2025-06-27,2025-02-23,,
1db35813-7e6a-466c-afec-7541ec6bd04e,c5301036-484f-46c3-8abb-860e0832aa03,Persona,PASSED,basic,77.97,True,2025-04-18,2025-11-03,,
cf588ce1-ff56-4b5c-bed3-3854aec08ca8,d893f3d3-c7b3-479b-989a-0f8bcf7cfc91,Persona,PASSED,basic,74.62,True,2025-03-05,2025-09-11,,
5f95bcfe-79db-4061-b0cf-ddcbe882ac94,4f248cfa-e7b4-4eb3-af64-debb7d905e5b,Persona,PASSED,basic,78.63,True,2025-03-30,2025-07-13,,
0b506090-9bee-4b9a-9ce6-7ef105b09875,de1efa9f-53b0-43f2-a5e2-463edf2f22e0,Persona,PASSED,basic,76.42,True,2025-07-02,2025-07-03,,
eb6a1630-166b-4fde-9883-b169c25017e6,b373675a-13d7-473d-872f-1c1cb844f292,Persona,PASSED,basic,74.56,True,2025-08-14,2025-07-11,,
0a31840b-ab2e-46db-9114-fa20cc5360af,ef65f9b2-2189-4c94-b220-b608a67f7b81,Persona,PASSED,basic,74.94,True,2025-05-24,2025-09-22,,
61427dde-dc52-4240-b1fd-926640c167bb,f9de050a-6432-4348-9137-6d7ca7ae3062,Persona,PASSED,basic,97.11,True,2025-11-02,2025-03-09,,
182ebd01-badc-40c6-9f25-d7d511760589,214b8b68-11f7-49ea-ad16-df03fa519e2f,Persona,PASSED,basic,87.2,True,2025-09-30,2025-05-01,,
b2f0ef32-9479-4ffb-b59e-e19089916e10,6cfb2bc7-e230-48e0-9b1f-9d5fa8631c87,Persona,PASSED,basic,81.56,True,2025-05-05,2025-01-01,,
cb37d331-e59a-4b75-9582-21b36cf0795e,578a7055-af2c-4026-ac7f-1f7e22a5a42e,Persona,PASSED,basic,76.53,True,2025-04-07,2025-02-06,,
41e1f2e2-64a1-49e5-89c8-370d9d65ca9e,6e204c5e-e0ff-4bea-9dc3-5365ff4aa5c8,Persona,PASSED,basic,81.79,True,2025-10-24,2025-12-24,,
c3f0af38-4a03-48da-99c6-165d132e3275,bd571f48-1aa2-4c01-b111-f3de7421b457,Persona,PASSED,basic,78.19,True,2025-02-17,2025-11-28,,
d953910c-6f0a-4ded-a140-caee1aaf2cf0,5211537b-237d-40e2-ad11-eb107be9977b,Persona,PASSED,basic,72.21,True,2025-12-25,2025-06-28,,
b622da50-7d52-4e96-9931-fb7ca5366ab5,88919ca0-1b5c-4596-8e8c-05ccbbbd8cfb,Persona,PASSED,basic,70.56,True,2025-10-01,2025-10-23,,
d046a90f-a0c7-444b-9837-592dba7ffd17,bba5d49e-8863-4d1c-a83c-44b0fbc276dd,Persona,PASSED,basic,94.36,True,2025-07-28,2025-02-04,,
186907d7-bc96-449f-ba61-e96ea4787fbb,53449431-6c7a-40d4-a5c6-06d850284900,Persona,PASSED,basic,97.17,True,2025-01-21,2025-02-13,,
0e6b14eb-6972-403c-b2a1-333249dd1e23,787cd621-4576-433f-a37b-60a84a58ac43,Persona,PASSED,basic,86.66,True,2025-01-25,2025-04-07,,
49ee70eb-fcdd-4b26-a9b3-114c5516562f,2c774c86-ea4c-4778-bc00-eca3cf77e9e3,Persona,PASSED,basic,86.65,True,2025-07-13,2025-10-13,,
bedacf97-b93f-4555-ba14-202fe585ebba,07096c9d-45cb-4b59-8eef-972c5c896f24,Persona,PASSED,basic,84.79,True,2025-03-18,2025-04-22,,
5813c9ee-35a2-4604-9dde-a214342f6baa,2f240fdc-8bd9-4318-915a-1af858eebc51,Persona,PASSED,basic,71.37,True,2025-04-06,2025-05-28,,
e55702bc-5a9e-44de-965b-6c2dddffe824,65bf5046-65aa-41e3-9ffb-1820707d116b,Persona,PASSED,basic,73.88,True,2025-05-28,2025-10-05,,
005d813e-a970-4e7c-9ec0-205d8c2510a6,06d4998e-bc5a-4423-a23b-59a9045abcb3,Persona,PASSED,basic,76.73,True,2025-03-02,2025-08-19,,
b56067df-8de8-47b3-9c24-601285ef12cd,50f84457-fb59-4d62-b710-ced72f160e1c,Persona,PASSED,basic,91.36,True,2025-10-05,2025-02-02,,
aa44d31f-5c8f-49a4-916a-1be106b0b6c2,28a55c52-11ce-4806-aeab-6690cde7414f,Persona,PASSED,basic,80.22,True,2025-06-11,2025-06-13,,
917d2049-c749-406f-bd39-1ad38e5a6196,598e667f-f0a6-484f-9e0d-baa208870c54,Persona,PASSED,basic,97.17,True,2025-11-26,2025-09-13,,
ed9531df-81f8-4023-b09a-f962b21c2af6,ebbf8db9-01cf-427e-b7a1-a78ded40dd53,Persona,PASSED,basic,86.7,True,2025-04-20,2025-09-28,,
3c300770-e154-4314-81e2-3e0de018f26e,075f9070-14d2-465d-b4bb-75a642d0c76e,Persona,PASSED,basic,70.24,True,2025-08-26,2025-04-05,,
5b33c3eb-6eb7-427e-9272-a4c317e81c6b,7092dcd6-71f4-4e3c-ba36-83c7afe4b27f,Persona,PASSED,basic,89.82,True,2025-09-23,2025-12-12,,
b0b91df2-ce1f-4644-b8d8-9e6f43fa327e,7ae93e53-a178-47fb-ad5f-cbc716dd595b,Persona,PASSED,basic,95.97,True,2025-11-09,2025-08-12,,
b3e60890-8232-45e7-a04f-2661878ea788,5c41fcad-6253-4ee0-a559-f1aeca71dad4,Persona,PASSED,basic,95.49,True,2025-10-31,2025-10-27,,
b3af8d6f-dd2a-456a-90f0-c98c750ae5f8,f2bf78f4-4713-4766-9469-da506e5db99b,Persona,PASSED,basic,98.51,True,2025-01-29,2025-01-15,,
d0d30452-db6b-4037-b74a-bd0f11dab096,0f482c67-1be7-4743-b2d8-8ce87c1a5b8f,Persona,PASSED,basic,78.86,True,2025-12-04,2025-08-27,,
ae0a0f77-41d9-4387-8ad8-3454ccca3b23,c4a470e4-1c7f-4a33-8875-71ece3ec4510,Persona,PASSED,basic,79.5,True,2025-11-27,2025-12-04,,
7965a83d-3849-493a-8078-28aa9d80e6a2,1eacb5a0-5b52-4052-b36e-c09a786d19c2,Persona,PASSED,basic,88.4,True,2025-02-10,2025-08-04,,
914c5752-1c45-4bab-9b78-c734301ab545,5bf7aa67-d9cd-40a0-b378-6fd35912d9de,Persona,PASSED,basic,77.59,True,2025-05-29,2025-01-31,,
95d33a24-5912-4655-ba73-dc02e35b8f03,575f03d2-9c35-4c25-b74f-e9d214386412,Persona,PASSED,basic,84.21,True,2025-01-11,2025-11-01,,
f51e2d08-3b9b-4e50-ba70-197cc04dcfed,6836b37a-9b7c-48d5-94b0-eedd71616ac0,Persona,PASSED,basic,96.06,True,2025-02-10,2025-07-06,,
af9f1d7d-d4e0-46a3-b256-8b84da1376c4,7f8752cd-377e-408b-adc8-88ea1072d16f,Persona,PASSED,basic,72.01,True,2025-03-06,2025-10-17,,
173736f8-64af-4b07-9397-3149ac74a03b,cdfe35a0-6eaf-48d2-8921-4a18a917c23d,Persona,PASSED,basic,87.53,True,2025-10-23,2025-03-31,,
748013bb-58a5-48c8-8e7a-88a2e6dded92,6349eb43-aae4-4a3f-b1ef-78747d22ec28,Persona,PASSED,basic,82.11,True,2025-07-30,2025-03-13,,
d7bacf67-5215-4e1d-9af9-782021d70d7e,89dcb07b-9b82-4a2b-9e30-8c618a0d0e98,Persona,PASSED,basic,80.29,True,2025-05-03,2025-02-12,,
1dcf521f-9e44-40d0-a641-5562b9f2b36f,3d2b4647-e8df-4641-ac91-a3667baa05f0,Persona,PASSED,basic,96.37,True,2025-09-08,2025-05-05,,
5b699b2a-2eef-4c79-abcf-9ddfec969df0,091aa7d8-c1f4-4ebf-9660-9a8f9d0a7957,Persona,PASSED,basic,88.45,True,2025-09-22,2025-09-07,,
1b1ce175-0d7a-4dc2-9c0d-c72c49b9668f,e5737232-cb38-4acb-8317-acb516e19739,Persona,PASSED,basic,88.34,True,2025-10-08,2025-04-18,,
b09ccc99-cff7-4973-816f-c483daf5b6e2,adb5c42f-bee8-46e7-ade5-8fdd04d02702,Persona,PASSED,basic,70.11,True,2025-08-07,2025-03-29,,
210735b4-52a7-4405-8b92-58f0e6bdc14a,277d7aa6-6ba8-44b6-92d6-886731f6f7ef,Persona,PASSED,basic,87.04,True,2025-06-11,2025-02-12,,
33d65dc5-6b5f-4793-8280-81aa0ee24af8,4e46e581-febe-4616-be8b-e4670baacc70,Persona,PASSED,basic,80.25,True,2025-11-13,2025-03-21,,
f1db200f-fb1f-49c2-9060-3573b57b6414,701ce3b3-0491-4bb6-bbe1-6e2c15d3574e,Persona,PASSED,basic,88.18,True,2025-12-20,2025-01-30,,
af8b9179-575d-4f54-b525-a2b8bd5c830e,366fd3dd-1099-44ef-97f1-8f1591976ba2,Persona,PASSED,basic,88.69,True,2025-05-16,2025-09-27,,
7351c785-e4a2-4b95-8744-07067ea9f22b,86ab1e17-4e52-4e16-8064-510845959ba4,Persona,PASSED,basic,75.43,True,2025-06-14,2025-11-13,,
70df85c2-071a-4d06-a792-2b28753c6ebf,a7b003bc-efed-4fbc-b0b5-c39d87986f4f,Persona,PASSED,basic,90.31,True,2025-12-19,2025-03-26,,
7455e288-8bf2-4a4d-899b-65a8bf71b621,2da175f4-7a72-4212-bfdc-ab2397d24af0,Persona,PASSED,basic,93.6,True,2025-07-10,2025-05-01,,
34fef387-b370-4714-9873-31a482ad45bf,dd6b1aa0-0389-4b7d-a86b-63ab5b7a36ad,Persona,PASSED,basic,77.53,True,2025-06-27,2025-01-31,,
bf74a50b-0260-4274-a028-5bcac6f36bf4,d2de152c-e992-4ede-9f46-475b4367f726,Persona,PASSED,basic,80.11,True,2025-02-20,2025-06-24,,
db546cf0-ab65-4307-9dd8-d0f5c48d188b,c68ee746-7c85-407e-a37d-05277cba579c,Persona,PASSED,basic,70.96,True,2025-01-08,2025-11-04,,
55fd0f4c-92ce-4bfa-8ff9-a3b360cd7fda,e6785cc7-caa3-4c7a-9842-966b5dcdfbe0,Persona,PASSED,basic,70.2,True,2025-09-26,2025-06-09,,
0be12744-840b-4646-945f-f7d86328900a,fe648e41-af9b-44b7-8524-ed1fc4606f28,Persona,PASSED,basic,92.86,True,2025-03-04,2025-01-11,,
1781da8e-4118-4576-b906-b3a167b1b0d1,0f901e41-9b49-40c3-8695-15025e322285,Persona,PASSED,basic,92.04,True,2025-11-26,2025-11-27,,
3084d1b3-6444-4e21-b289-1daaa94a2f34,867e0a22-70fe-45e7-a3b2-05f73baed6a2,Persona,PASSED,basic,78.56,True,2025-07-28,2025-03-15,,
0998e04d-1956-4d32-aa1a-1d7e0f4f79fd,aaf3987e-31ae-481f-82c8-066a07f44e8a,Persona,PASSED,basic,88.27,True,2025-01-15,2025-05-21,,
ac972e9b-3839-40d7-a17c-9d99618b8101,b1284aa2-4917-4f9b-a514-1345b8c0e93d,Persona,PASSED,basic,94.31,True,2025-07-02,2025-02-06,,
05aea5f1-3401-4701-95db-f81668e931f5,6b2161b8-5999-499d-ae14-87525c2d8d0e,Persona,PASSED,basic,82.18,True,2025-05-08,2025-06-05,,
99a1423d-5d29-48bd-9547-df0dd7067326,55503d73-250e-47fe-8317-723d8be27c2e,Persona,PASSED,basic,73.49,True,2025-03-21,2025-03-18,,
79eea783-75a3-4764-a1c6-8c1d24f92b86,96d8587d-9efa-4b64-82d2-7b213c88513d,Persona,PASSED,basic,98.06,True,2025-08-03,2025-03-02,,
44d91cc8-34ae-4e1b-8db5-91d66552f84e,d64271b4-d415-44e9-b406-97fa05fe2abc,Persona,PASSED,basic,86.83,True,2025-12-31,2025-06-02,,
54fbbfdf-298f-4d5e-9042-ab705a59d7a3,fac59d64-f260-4cea-9b1a-718a2600c534,Persona,PASSED,basic,80.85,True,2025-09-14,2025-11-03,,
aa179b0d-4a8f-4051-8267-61b762f9dd4a,641c8f32-596b-4150-a773-b06f0d4e2bd1,Persona,PASSED,basic,78.71,True,2025-04-20,2025-05-16,,
2c642839-6ac4-4e3e-9dc5-23945275e386,050cc7ba-900b-4745-bd8d-b18fb7ad3213,Persona,PASSED,basic,86.77,True,2025-01-11,2025-12-10,,
1fad79e5-1f54-41d7-b907-d86bffa658d1,e2f74e98-e6eb-452d-96b8-6093a951a767,Persona,PASSED,basic,95.49,True,2025-06-28,2025-05-05,,
1d3fdb61-8241-4438-bbc3-dbf706b77ad0,7bb3ebee-ea45-451c-a1bd-cc4d2a3fc00d,Persona,PASSED,basic,96.39,True,2025-05-01,2025-12-27,,
58449a99-1c22-4afd-9e18-09650a84d482,945fe954-05e3-4e63-8a99-517b6f5580b2,Persona,PASSED,basic,89.25,True,2025-02-16,2025-11-23,,
5f690861-fdb8-4273-ad2f-260870f70f84,c9440fb9-1be1-454e-b698-dda14def8fdc,Persona,PASSED,basic,73.84,True,2025-10-24,2025-12-16,,
f77581f6-f928-4129-8645-44fa0cd14be8,ae5c636b-3d33-41d1-95eb-ad6caa510dce,Persona,PASSED,basic,75.12,True,2025-06-30,2025-11-17,,
e82a6788-dc0d-4a5c-9582-795d61e9e934,d6b57b90-b030-47e6-b1e5-0183a35b7253,Persona,PASSED,basic,83.09,True,2025-07-15,2025-11-16,,
53afcd9f-6628-4b3d-b4d3-0ae482677f7a,022b666c-688e-4739-ada5-470f670e0372,Persona,PASSED,basic,81.81,True,2025-03-11,2025-01-16,,
5e1ec238-d797-46ba-8556-f4ea6d6519b6,839dfd11-37e5-43ab-a4c0-ce8c19c6921e,Persona,PASSED,basic,70.7,True,2025-06-16,2025-10-23,,
7aab0dfe-af48-4072-843f-4ca0e8f3720c,edb29271-f6ab-42e3-9746-935e5aba32ab,Persona,PASSED,basic,96.76,True,2025-04-28,2025-10-06,,
bf4848db-7d3b-4f97-bbbf-480b19f53425,de0271ea-4e42-4501-90d5-1700689f1ec5,Persona,PASSED,basic,91.72,True,2025-07-17,2025-07-30,,
2e3718b3-06b5-4aae-8120-4b67a767375b,aff4b541-1404-4dac-b0f2-74101f3e2f62,Persona,PASSED,basic,77.32,True,2025-07-30,2025-06-12,,
01446f07-ff33-4d70-9b4c-d9bc0ccd7b97,7a896a64-2b20-40ee-b56d-1e24bc0f78b8,Persona,PASSED,basic,73.96,True,2025-03-03,2025-02-18,,
d2cdbbc8-7511-42aa-8913-158fc13c07ea,739d338d-53f4-459a-ac90-b3fb55613ba7,Persona,PENDING,basic,84.86,True,2025-09-30,2025-05-25,check_failed,
5a3bd36b-2fda-449c-b375-3adabd0bc996,06df318b-273a-463d-aeda-1a04e1710b49,Persona,FAILED,basic,86.83,True,2025-07-05,2025-07-27,check_failed,
0bdee0b4-c8d6-42c7-99cd-3e64db570a64,cd8304f3-9626-4789-8e1e-79f075a39e12,Persona,PENDING,basic,90.32,True,2025-04-11,2025-07-19,check_failed,
5361aad3-6dbb-4ae1-ac7c-e4f9f8315c2f,a131c901-08c4-40e5-a2c5-e750eafaec7c,Persona,PENDING,basic,95.75,True,2025-05-03,2025-10-05,check_failed,
2d2a4cbb-8494-4ebe-b96e-2b73da85e61e,f60cda2a-8470-4f63-b712-933b3d62f008,Persona,PENDING,basic,78.03,True,2025-07-27,2025-08-06,check_failed,
8b7dd9ee-3695-4d7f-bfe6-afbe93f9682f,a8e0627b-1317-4269-a362-f7ab2189132c,Persona,PENDING,basic,74.97,True,2025-10-04,2025-09-27,check_failed,
58f8c68c-b810-494b-838b-472923e54577,cc0ad695-19e2-4a39-abe8-ade28ca793be,Persona,PENDING,basic,71.61,True,2025-08-20,2025-01-23,check_failed,
de1356d1-fc39-480e-a179-9e67196084ef,0897b7ec-e83d-4c40-8bf0-9461e5053577,Persona,FAILED,basic,82.74,True,2025-06-08,2025-05-13,check_failed,
b930b40e-0ac8-41be-b9c1-7d021f202fce,9a4e0641-6198-475b-996f-3ecfb141b106,Persona,PENDING,basic,76.33,True,2025-04-22,2025-03-21,check_failed,
c1a4b25a-36e2-416e-ae0e-fb132170e966,c6e19fa1-1f2f-4188-89ea-5f881869a5cd,Persona,FAILED,basic,92.78,True,2025-01-04,2025-07-02,check_failed,
c0c56d21-6d16-4cb3-bfae-b43800afbddd,39d2f5ef-d194-4a0d-9408-6e4fd23bbaad,Persona,FAILED,basic,80.18,True,2025-09-28,2025-11-08,check_failed,
913b9975-a363-4850-80ac-bee68fc19f59,516fea06-760a-43dc-9b19-dd20d3480732,Persona,FAILED,basic,74.26,True,2025-05-04,2025-11-29,check_failed,
8d08a636-ca04-4592-accc-3fade7ae6365,ff1bfd1e-33e6-44e1-a673-dd5c4c0f7130,Persona,PENDING,basic,74.1,True,2025-09-02,2025-03-08,check_failed,
36ba0b8e-4883-48a9-81f3-345282cb5c0f,5d109710-5615-4603-8429-894e50db5720,Persona,FAILED,basic,82.79,True,2025-06-19,2025-12-26,check_failed,
f460ddfd-af59-40ba-a6fb-b0efbb389afa,7baba446-182e-4330-b731-4ae5a9017711,Persona,FAILED,basic,93.79,True,2025-05-01,2025-09-13,check_failed,
15492310-265d-43ec-937c-6b8dc5bcd78e,842429d2-e28f-4aaa-903e-609a67c47ad0,Persona,PENDING,basic,87.19,True,2025-03-08,2025-10-12,check_failed,
498f9a55-0e78-44cb-992a-4735897ce39a,a70280eb-7431-4382-ae24-4cc0da999b8e,Persona,PENDING,basic,96.46,True,2025-12-20,2025-11-03,check_failed,
eddeefe2-2755-47bc-9f1a-f1f3d5295309,e8f3d425-a23c-4e2e-acca-875b904269cd,Persona,PENDING,basic,90.54,True,2025-01-16,2025-07-08,check_failed,
88b19c99-abb0-426e-a540-670106ef5817,83d89115-ccc8-4bc7-b2e8-ef000c5fe5d6,Persona,PENDING,basic,93.52,True,2025-02-22,2025-03-06,check_failed,
0f77be22-dfdd-4b31-9d86-5307edd44aed,445e540e-2d0f-43e7-aa24-2ffeedb065cf,Persona,FAILED,basic,92.36,True,2025-12-31,2025-06-05,check_failed,
