identity_check_id,issuer_id,provider,status,level,alias_confidence,opted_in,initiated_at,completed_at,failure_reason,raw_response
49674051-a547-438a-ad88-034fd6e48824,323c257c-8e82-466c-8fa7-ca62e965c655,Persona,PASSED,basic,81.02,True,2025-02-02,2025-11-02,,
e8c2effb-2dd8-4950-ba84-c2525dd17b45,29b7baca-20aa-45cc-a8fc-009378255e09,Persona,PASSED,basic,86.15,True,2025-02-03,2025-06-19,,
b2967056-6df7-4759-8e77-e98b982b2d76,e0d12416-5304-4d72-a32f-66d442d38997,Persona,PASSED,basic,80.63,True,2025-03-05,2025-06-15,,
6f5dd900-62f4-4e9b-bd4a-5b5fa5757cf7,5991cf30-6aad-4eee-950b-c600b44ec2ae,Persona,PASSED,basic,98.62,True,2025-08-02,2025-10-05,,
42038b4f-beb9-43b4-9074-1413730cd4e2,cb5ba7db-ee64-42fd-9271-718c2b1c37e4,Persona,PASSED,basic,97.88,True,2025-02-28,2025-04-16,,
7ab5bb1f-d1c1-4e52-9bce-6da27ded740e,27a3a54e-c93e-4e17-a4bd-0a6e63954f1a,Persona,PASSED,basic,85.33,True,2025-09-07,2025-10-28,,
98014dc6-2228-48f0-bd4f-6605d400da6f,834a6f81-c428-41d8-ad30-06b821a1d190,Persona,PASSED,basic,72.58,True,2025-10-05,2025-07-01,,
807bebb5-2076-40a9-98b4-4df65cc71be0,91cb2dbb-ebcc-412f-9607-195cdc36b938,Persona,PASSED,basic,94.31,True,2025-01-10,2025-09-11,,
2946d0ba-2578-42ce-b3f7-422ca50b4857,3b998960-f4ec-4672-bef3-791b84d1ed24,Persona,PASSED,basic,84.04,True,2025-05-14,2025-09-11,,
2f9dec92-5588-444b-8beb-18d92b5b73c5,ae9b138f-46e5-48ff-9298-7d7d85915403,Persona,PASSED,basic,72.64,True,2025-02-21,2025-02-16,,
386c41a1-0ae0-43c4-9ff9-1c5aaabae2cc,c9501392-143d-4e35-903f-1db92763171b,Persona,PASSED,basic,93.3,True,2025-06-15,2025-08-17,,
ceb25488-e6f1-4891-83c0-ad51568c6ebf,00734745-16fc-4789-9936-9fb20fc3de65,Persona,PASSED,basic,81.87,True,2025-02-23,2025-05-21,,
7b8fda95-bae9-45d5-9d78-a4762dc19cac,d69ffdcc-c4ca-428b-9671-a99c1272731b,Persona,PASSED,basic,90.59,True,2025-01-09,2025-12-26,,
44069862-abe5-4f12-9611-77cc7eeff02a,26291e0b-3a14-4417-9669-9d7eb8699250,Persona,PASSED,basic,91.71,True,2025-06-04,2025-08-24,,
cac46353-4936-49e4-894f-6e5fed66d358,1e227bab-f4f6-4dd8-b4c6-8f53daa5d9b5,Persona,PASSED,basic,83.9,True,2025-10-13,2025-01-19,,
f934e550-977d-47ba-be17-b3741ea44a29,e368a781-a213-473e-a046-40510955908d,Persona,PASSED,basic,85.49,True,2025-10-06,2025-09-17,,
46d7033e-3c0b-4e64-bc74-d6c33fc78c24,26ef4850-7037-4957-a683-84c0afc34dbf,Persona,PASSED,basic,87.29,True,2025-11-02,2025-12-24,,
67174176-da9c-40f2-b5e6-53594e3b9726,2e2b66fd-2d1b-4dce-9475-8e7a5053a2d7,Persona,PASSED,basic,82.99,True,2025-02-10,2025-01-30,,
8904ddd4-1328-4ffe-a1c4-2f98ad7d99b9,83aaffa8-8008-42e8-99d4-744a9f37fdae,Persona,PASSED,basic,82.25,True,2025-03-23,2025-04-03,,
7938d23e-b929-4026-80b2-657abc3c0166,16f11453-6d1c-4bb8-8ebf-df4c064df0c1,Persona,PASSED,basic,75.17,True,2025-08-16,2025-06-10,,
ac9cbbcc-772a-44f2-a989-d88f96367e86,54903184-5cbe-45ef-9f5e-40ac62dd0145,Persona,PASSED,basic,84.96,True,2026-01-01,2025-07-25,,
42830dfe-483c-4d75-a0f0-0011a6c0f5a3,1b1e2d25-12e5-4b90-8f81-1cb9f06d3422,Persona,PASSED,basic,78.47,True,2025-12-14,2025-06-24,,
8c75424f-24ab-49f4-8260-be490f75c9b5,87163e58-831a-42e3-aebe-7d8c08966f69,Persona,PASSED,basic,96.93,True,2025-10-03,2025-05-13,,
e0266959-1dff-4881-b951-9b0255c96421,d9a2efaf-2a6c-42d1-809e-9533d5a42923,Persona,PASSED,basic,75.42,True,2025-11-09,2025-08-26,,
b9e4da45-ccc6-493c-b8cb-92e312a0342d,eaec6ee4-de5a-44e4-af2a-058b03ce1927,Persona,PASSED,basic,80.03,True,2025-10-05,2025-10-30,,
18150198-5659-4130-b1d2-cf652f6762d0,b2b83a1d-cf13-459b-b346-198356327f93,Persona,PASSED,basic,80.38,True,2025-10-15,2025-07-12,,
0b5fefa1-cd51-47c7-83dc-ecfd820bc93f,4a3da506-7517-4dd5-92d8-513466b8b757,Persona,PASSED,basic,80.01,True,2025-08-14,2025-02-10,,
5a44d9a9-f4c8-4d41-898e-1c4f7fc4195e,4c101622-21e4-4414-9a7b-57ba723c4e80,Persona,PASSED,basic,99.48,True,2025-07-25,2025-04-14,,
9794ceff-f622-4523-b562-948d7f16c702,a063f3b6-1f1a-4e27-9323-641af2ef22b8,Persona,PASSED,basic,76.44,True,2025-06-06,2025-11-01,,
48f9048a-d832-4199-9f1b-33047eb6e12d,324a06a5-4906-4d9a-9895-4c109f6055c2,Persona,PASSED,basic,76.59,True,2025-12-19,2025-06-08,,
9dcea466-4cac-4e4e-8012-497e03b0aff7,70c86ffd-4242-41b6-8c33-51f7f9828bff,Persona,PASSED,basic,79.15,True,2025-06-27,2025-09-27,,
790db5dd-eedc-4aaa-94d4-f7eb9d05a257,ea4b04a9-3855-4e74-ac9a-d1bf1fee8150,Persona,PASSED,basic,98.46,True,2025-02-21,2025-02-04,,
c4cd48b8-e004-4e1b-b837-9d7a8f585aa1,486287be-ad2b-4485-b36f-39acb2f5043d,Persona,PASSED,basic,95.21,True,2025-11-08,2025-05-08,,
649564ad-76eb-442c-987d-9c46015ff3d1,26642e49-cadc-4ec8-836e-700a97ee89a0,Persona,PASSED,basic,75.71,True,2025-02-17,2025-06-06,,
5a936998-97f2-4cf5-a78c-ccfa301cd80b,402d00cd-54db-43d9-ab3a-83f223d693ab,Persona,PASSED,basic,84.8,True,2025-12-16,2025-11-02,,
23f9e8c4-1b35-425b-9d92-da201a9168b6,365cd24d-8fe5-4fe7-8707-df5f96e08ed6,Persona,PASSED,basic,84.85,True,2025-04-04,2025-12-17,,
ea23044d-6688-4a9a-bc75-93abd074fecb,d9f9657f-7b44-4d28-8667-0e1bd750da99,Persona,PASSED,basic,80.79,True,2025-02-20,2025-04-18,,
880b73cf-f788-4653-bd15-432236191ab0,68bdef5f-4b72-4db1-b58c-5ca62caf84e9,Persona,PASSED,basic,87.24,True,2025-03-10,2025-07-05,,
99b6426d-083f-4325-a06c-72629d3760f6,f9696dbe-2e51-4d75-822f-6c593c167947,Persona,PASSED,basic,81.12,True,2025-12-08,2025-04-10,,
3870cec5-ba3e-4f08-a759-28b071c139b3,ecddcc67-2fab-43ff-8ada-d45cf93cf4f6,Persona,PASSED,basic,81.7,True,2025-06-07,2025-04-13,,
95985959-4738-42a4-a4f3-eff1e6b983d6,3fa6e31d-9fda-4d5e-95d3-1750903b27bc,Persona,PASSED,basic,79.48,True,2025-05-04,2025-06-20,,
15d84063-dffc-45e9-8eae-7968943ee407,6d3a7257-7626-4e64-9ae2-15d932f65792,Persona,PASSED,basic,98.64,True,2025-10-07,2025-04-04,,
434834f1-4837-422e-8d69-65ae141971ec,8d83c2f8-6db7-4503-b0e8-d1f374d86d8a,Persona,PASSED,basic,93.35,True,2025-01-03,2025-02-12,,
0d909386-4a12-4979-b0e7-ea17e920a4f7,a771c417-53fc-48be-9b1d-a6b07afca31e,Persona,PASSED,basic,97.33,True,2025-06-25,2025-04-14,,
6fa6954c-dad7-4fd8-b86a-19a694f8df83,c0af8e32-920b-4143-bf0e-4f6e5c5c719a,Persona,PASSED,basic,98.78,True,2025-06-17,2025-08-18,,
c7f6936a-06f0-4c58-8692-4cfe4f6e7f1c,c90f2ec7-e514-4958-b522-575a6658058e,Persona,PASSED,basic,80.25,True,2025-05-05,2025-06-29,,
50c4cfdd-5745-4d5a-8e08-5002d78076f9,d51efebc-01f9-4f9a-97c9-44dc93b08975,Persona,PASSED,basic,92.97,True,2025-07-11,2025-07-08,,
bcf96565-4511-489b-9b20-94061027a361,62b61681-7966-4da9-a8e9-2a41d7ab6aa6,Persona,PASSED,basic,93.98,True,2025-12-15,2025-06-15,,
4b9453d4-0595-43f9-a321-795c6783ff67,3f03ab8f-4f83-46c4-8ae9-17da7e30d244,Persona,PASSED,basic,97.13,True,2025-08-11,2025-04-16,,
1b06aba2-8048-44b8-a914-049f8e24f820,33fe6d61-7f35-41c1-a3a6-a181405ae652,Persona,PASSED,basic,77.48,True,2025-07-13,2025-06-15,,
b0438757-9916-48d0-bab9-7232becd1539,89d9b894-cc9f-40bf-a655-375e9d8ef3da,Persona,PASSED,basic,72.06,True,2025-02-24,2025-07-12,,
5a3df321-68a6-4ec9-a29e-017f254204b1,c22b42de-4e0f-4185-a206-02ff3566b758,Persona,PASSED,basic,70.12,True,2025-11-26,2025-08-02,,
31e0c6a1-ee09-4c24-ac4b-3a3a9bdb4828,ba0fbd33-3f65-42d2-93c4-273f40e66842,Persona,PASSED,basic,83.12,True,2025-05-12,2025-07-12,,
5cf86811-3765-42b2-9f0e-5e1f7700ffd2,efe13eab-3211-4fd6-804a-9a6144e7a538,Persona,PASSED,basic,87.88,True,2025-02-02,2025-05-25,,
ce8ffb0f-f6eb-4593-8967-09cd5a5f1c60,21ded554-6878-4e70-a2f8-0132a03ab53a,Persona,PASSED,basic,97.48,True,2025-10-21,2025-10-30,,
bde5a333-8335-489a-b927-173ecf5bd5aa,58445bec-c2fd-4c90-a00a-9e1b784f75d9,Persona,PASSED,basic,95.07,True,2025-07-03,2025-06-30,,
e62fb300-743d-43f9-9d54-54d956cec226,87853fa6-c4f7-444c-be13-aab13ca9ecfe,Persona,PASSED,basic,89.45,True,2025-06-24,2025-10-23,,
c01c8927-a098-473b-9ff5-dcf591fe8505,ff7bf609-fd6b-4dda-8434-80f4530240dd,Persona,PASSED,basic,76.62,True,2026-01-01,2025-07-07,,
92d38c66-3a0b-4a3f-bf67-d2bca9a02aa3,18d91a74-e847-47e2-a7cf-fb45d7b70763,Persona,PASSED,basic,99.46,True,2025-02-12,2025-08-04,,
f4f17f5e-16e3-45f3-a48e-2c53e7319884,c8881d59-a8b4-429d-beed-10a8e60367a6,Persona,PASSED,basic,70.05,True,2025-11-07,2025-02-21,,
b7915da1-5b43-4d83-be6e-6cafcaa415da,6741d720-6e20-4946-97e7-219dfe3c23f4,Persona,PASSED,basic,73.7,True,2025-03-03,2025-02-19,,
abc9f4ac-f25d-42f7-88d1-b3e695bd28df,36bcf783-9a45-4b4d-9b23-d33eda39c452,Persona,PASSED,basic,93.38,True,2025-03-28,2025-08-05,,
de625f02-355e-46e2-8888-4e1dfcbf4526,80db6332-9921-4fc0-9e8a-56c53d3d987b,Persona,PASSED,basic,75.25,True,2025-12-11,2025-02-16,,
4aae753a-86e6-406e-a453-5d195c48d997,921ff2b1-2ce7-4bf6-aa3c-1f51fad72b81,Persona,PASSED,basic,70.85,True,2025-03-12,2025-05-29,,
16d6a48e-bbcb-4a92-89dd-ec93fdb3ce1a,aed942dc-1b16-450e-9557-fe0777e31428,Persona,PASSED,basic,83.9,True,2025-08-17,2025-08-07,,
13974d83-97d5-4a64-b05d-c5def662c93b,4ba9515c-691d-4403-9cdd-307d273ec023,Persona,PASSED,basic,73.64,True,2025-01-14,2025-05-06,,
d150484c-4e14-4376-a12d-d4cc72a3a4f3,46d0fec0-7528-45fb-a969-f83339f9fb6e,Persona,PASSED,basic,71.3,True,2025-10-23,2025-05-09,,
f746fefa-4fe7-4324-bb38-9848b746559e,e4795af6-74ea-4303-9e3c-65c36bd30023,Persona,PASSED,basic,91.94,True,2025-11-22,2025-01-01,,
2afd08b4-fa6b-461e-8e9a-5f4221975c8d,cd33525a-645b-4c15-8117-8907d62bbf6b,Persona,PASSED,basic,79.26,True,2025-04-27,2025-07-19,,
dbc51e41-3b57-44cb-bd79-7abb1b0a71cd,9d054a1c-f58c-4f12-bc62-da2200a75ab2,Persona,PASSED,basic,94.52,True,2025-09-15,2025-03-20,,
71064724-bc58-43c6-acef-4e9020a7f1f4,c0c092bb-670c-4bbd-bcb5-c0e100a51ef3,Persona,PASSED,basic,91.27,True,2025-07-31,2025-01-11,,
2e56e181-f4b2-49fa-817d-acda638c82a4,5830dd45-777d-4bd4-a4e7-48d7d2e1dec6,Persona,PASSED,basic,70.5,True,2025-01-31,2025-10-20,,
7bb52245-7852-405a-8d05-fd412ea2ad7c,affeacfb-7d43-4a1a-a647-25b401b79dc3,Persona,PASSED,basic,71.29,True,2025-12-05,2025-11-16,,
41f2aa78-47a9-4a95-b17a-2cd799a31499,c544903b-d005-438c-9a04-49d540156bba,Persona,PASSED,basic,90.79,True,2025-11-15,2025-08-22,,
68301934-c841-4fa0-af34-beef2542e813,95ea9056-ffb6-4c97-a52a-12e0b449718d,Persona,PASSED,basic,77.57,True,2025-10-30,2025-01-22,,
970fd549-b958-45fb-b0df-6b29de55338e,5856138a-e9d2-4e5a-911c-340ce03abb30,Persona,PASSED,basic,80.13,True,2025-12-15,2025-09-23,,
e727502d-5b97-410e-bbef-7499e9a4d6f4,c9b55d8d-e51b-4b87-a00b-247cf117b0a0,Persona,PASSED,basic,84.41,True,2025-10-07,2025-02-26,,
f6682bcf-df95-4fec-ba0b-a0db1d0598da,2f8d800a-2b5b-4423-822c-e7343cca613c,Persona,PASSED,basic,91.04,True,2025-03-31,2025-08-26,,
433094f0-5895-4422-bd2b-de823b82a668,70a3da71-8a42-4739-a7a1-694ec4eefe26,Persona,PASSED,basic,72.65,True,2025-08-27,2025-09-18,,
9ed7218a-64de-4944-ba97-6da3349e5291,d1a5f017-f5e7-46e1-b9a4-6c6cfa8f113c,Persona,PASSED,basic,89.72,True,2025-10-08,2025-05-02,,
600690e4-274a-41b4-8486-951db770a735,1ed467ab-a71a-4e7a-b951-e46443cef3c0,Persona,PASSED,basic,81.54,True,2025-06-26,2025-04-06,,
8a34bd72-1c31-4aeb-b507-ae06e6724ed2,728108f9-42ac-416f-a003-c39247b69f56,Persona,PASSED,basic,72.07,True,2025-09-08,2025-10-03,,
ab612599-8188-478c-a427-56bdee31c5d3,3928b0cd-609c-40f0-a404-c32fade88c2e,Persona,PASSED,basic,78.44,True,2025-02-27,2025-08-28,,
5f60f1c7-5618-4b6b-b70a-f517c7ecacf9,632af6a8-e6a2-4aea-b29c-a9cc9d501d65,Persona,PASSED,basic,97.02,True,2025-02-04,2025-08-04,,
d0dd7180-b691-471c-8eda-134bfb488c12,17adcaa4-6a4b-4da8-8c3d-228f31958a6a,Persona,PASSED,basic,76.93,True,2025-04-04,2025-01-07,,
566d500f-8596-4eb8-ad31-eab50ea3dc91,f53a5aa9-d866-41cf-a957-ca3caa940054,Persona,PASSED,basic,96.87,True,2025-05-29,2025-08-10,,
1772455f-298a-404b-9999-3702b0b5c09a,c5ddc25e-a8fa-4467-8191-77b023cbdaf4,Persona,PASSED,basic,88.26,True,2025-01-21,2025-09-15,,
d672f9c0-33b3-4cac-a69b-ea90b60b1506,40bac56b-a8ba-4c4b-ba77-f2c1d0855140,Persona,PASSED,basic,91.28,True,2025-03-05,2025-02-17,,
967217bb-dce3-434e-9b20-eda3a10ec0d2,ee5156aa-f295-4e20-ae0b-add8968eecfc,Persona,PASSED,basic,70.49,True,2025-07-05,2025-05-04,,
d36be45b-78b6-4301-a4d6-46b332bf7e98,a84cecf2-09f7-4c86-b813-6b6a76bd2a09,Persona,PASSED,basic,88.69,True,2025-06-14,2025-08-16,,
9571282d-e232-45b1-837e-328376e0aef3,0eef44bf-bcb3-4755-b80d-96b8620129fd,Persona,PASSED,basic,78.96,True,2025-08-07,2025-07-07,,
e51ae248-655c-4df5-a361-5a3d03736263,4c36cfaa-77d6-455a-9799-9db2363c51e9,Persona,PASSED,basic,76.11,True,2025-04-25,2025-04-27,,
2778a90c-7734-461b-a104-99f7942691f0,0d392650-b654-49ec-b161-d4c69f9507bc,Persona,PASSED,basic,85.35,True,2025-07-10,2025-07-18,,
aaad11e7-f64f-4176-b530-fd005792b7c7,5985be90-9217-4f62-b305-655ee54424d3,Persona,PASSED,basic,90.76,True,2025-03-11,2025-12-07,,
3845fe4a-cc58-417f-afbf-24f19056016f,65cb25ea-536b-472d-b4ad-be94751c6980,Persona,PASSED,basic,93.9,True,2025-11-29,2025-01-07,,
5c22e8b6-4ee3-4421-aa95-f7ac54c46864,ddc59480-d790-4b3f-96c8-f59e7c389023,Persona,PASSED,basic,74.35,True,2025-01-06,2025-12-16,,
a6414529-0c9c-4389-869c-c215c6f8e12d,03caef7f-6fea-43eb-bc60-60287db5cc4b,Persona,PASSED,basic,81.97,True,2025-01-15,2025-05-22,,
31159cb1-eac6-4fa2-87c5-e324724eadc0,65453010-b03f-4c54-837b-521a2070b6ec,Persona,PASSED,basic,76.4,True,2025-07-18,2025-03-11,,
6d187c34-2144-4101-9850-42e360f209cc,47ad1ce3-982d-40b8-a209-6e2156ae2c2c,Persona,PASSED,basic,83.01,True,2025-06-27,2025-11-08,,
ff4a3aeb-e4bb-482f-be0d-7ff40288b474,92fb0700-67c4-4e89-a1b2-a0f143c45e6b,Persona,PASSED,basic,95.54,True,2025-02-05,2025-04-28,,
09ca4c5a-3ebd-4fe7-bc57-5952c11f3399,8e84cb74-b369-4af8-8ef1-a7f4baebf8c7,Persona,PASSED,basic,90.62,True,2025-10-07,2025-10-03,,
73ae54f4-338d-4df8-9e21-6849a7c79dbe,3470df13-3be5-4a18-918e-9cd87686b64f,Persona,PASSED,basic,76.14,True,2025-10-19,2025-06-11,,
a040a052-b869-4d2e-b74c-7e357c54f88c,cd92e456-118d-4b48-ab3f-57901c4c85f5,Persona,PASSED,basic,88.75,True,2025-01-13,2025-07-13,,
95801db6-b588-4c6e-8212-39767d03b023,787a9b6f-bf13-45dc-973a-a504f3c39408,Persona,PASSED,basic,97.41,True,2025-02-25,2025-11-01,,
1e3e2273-387c-4daa-9a98-18483dacf33a,7f8c3f95-6fea-40fb-8a11-54cd3c679615,Persona,PASSED,basic,79.85,True,2025-02-14,2025-01-12,,
2df3d8e7-fd8d-4196-a412-7b82c20632b6,045db9e5-dbc2-4ad3-9b31-b5e3b473155c,Persona,PASSED,basic,84.07,True,2025-10-13,2025-07-26,,
ce3576b6-4744-44ec-be4d-dc027df571cc,6eca1bc3-628e-4ac8-b98a-5af072c7c420,Persona,PASSED,basic,77.2,True,2025-05-11,2025-06-28,,
2cd463e0-8469-4e2f-b3d8-9f218a2cf944,9abd5642-aac8-4427-9cab-591126d3f5ee,Persona,PASSED,basic,97.16,True,2025-10-06,2025-02-27,,
bc2de121-26da-48c0-b07d-d3cc10df8f22,ecd9d352-f31f-4af7-a97e-e3648b9ee958,Persona,PASSED,basic,93.38,True,2025-03-15,2025-08-14,,
f371a54f-b6f2-48d2-bf57-c4c09360a72a,805181f7-e84d-4ed0-879c-855e1421b533,Persona,PASSED,basic,85.84,True,2025-02-08,2025-04-05,,
7362ac8f-9e98-4fb0-86e9-4448eeae7f6e,31a8007a-7700-4f4a-9b97-768bc0b65ffd,Persona,PASSED,basic,95.8,True,2025-12-08,2025-08-30,,
42ffbaf6-9f91-4b69-82f9-9077cc115f31,74890740-5ffd-496a-98a8-6d569648e63a,Persona,PASSED,basic,80.03,True,2025-01-11,2025-06-03,,
d4207e08-f6d8-45f9-9c6d-f057917fada3,9d3ce2d3-d674-47db-84e0-291b7e91b7e3,Persona,PASSED,basic,84.68,True,2025-10-13,2025-07-20,,
224b3bdf-5647-4d91-9568-4a02bf591575,9f930c04-5485-403c-ba78-b678273d8af7,Persona,PASSED,basic,87.06,True,2025-01-23,2025-07-30,,
056951fb-3f50-42fd-bbf7-c40340814b56,60a114e3-e5e7-49eb-8dca-667a04de09e9,Persona,PASSED,basic,98.25,True,2025-02-11,2025-06-29,,
4172a8e1-b273-4072-a0b2-d61832b40e82,274d9003-9297-47d1-b072-2cf45a5f09ff,Persona,PASSED,basic,80.23,True,2025-08-01,2025-04-21,,
4c62f70e-04b2-42bb-87c5-d7fc16a3e26d,92f699fd-9628-43dd-a144-886045f0d915,Persona,PASSED,basic,71.37,True,2025-12-28,2025-10-27,,
bb616956-e118-4d39-9ba7-22fac1c7cc9b,b74fda51-b9d7-4b47-9d26-2aae594755b1,Persona,PASSED,basic,93.77,True,2025-08-18,2025-06-02,,
5273e7cc-38a8-4b91-9994-5881a371a321,3b5f4ada-9fdd-4361-98b6-3e2f9422c592,Persona,PASSED,basic,75.17,True,2025-04-17,2025-04-14,,
e793800e-b9dd-4613-873a-17bf8f93dc92,8754d24a-74ba-4b90-9eb2-8cc92604c1ec,Persona,PASSED,basic,71.27,True,2025-02-16,2025-03-15,,
a9134256-6db8-4e0d-82ac-4f83c8e40f68,e8b74ff0-1c3d-42d3-a5f1-4e055f50f18b,Persona,PASSED,basic,77.49,True,2025-12-05,2025-10-07,,
d5235952-0ff7-4218-8625-1a6b6ec3d7ae,029188ed-6128-4ad8-859c-44576dc821ec,Persona,PASSED,basic,73.26,True,2025-08-16,2025-11-03,,
c329f882-43a7-4211-ae12-b1f394ea2f36,5a2d725b-47e5-4637-96a7-b5bb8a5a4ed1,Persona,PASSED,basic,75.13,True,2025-05-06,2025-06-05,,
fb5fd633-1530-4b2f-a1bd-87443465943a,b9cf8f19-cce8-44e2-b17c-caf8c5677fc1,Persona,PASSED,basic,94.86,True,2025-04-07,2025-08-01,,
83a97636-99a0-4879-b611-5019f267b8ed,575dba14-c272-46d1-86c4-6816ce71f32c,Persona,PASSED,basic,99.11,True,2025-05-11,2025-11-28,,
cabf0786-6c3d-4b90-83e5-af04e5796ef5,ba27109e-4950-48c4-9a13-b838acfac8d1,Persona,PASSED,basic,75.89,True,2025-12-19,2025-08-20,,
41a210b3-b2f2-4020-9589-f5efe165fc04,d373d5fe-1ca9-44c1-bce2-43d7a90a435a,Persona,PASSED,basic,78.16,True,2025-10-05,2025-01-17,,
4d79b1fd-18eb-4b79-8e5a-b754bb66e685,3509875e-5d87-44bd-8e61-4adbb913f3b4,Persona,PASSED,basic,85.1,True,2025-11-21,2025-01-23,,
96652417-1ce3-4ad0-b1c3-f5a2088e7c04,a0f9d6c0-d517-4087-b8bb-48a685740582,Persona,PASSED,basic,94.98,True,2025-02-12,2025-12-21,,
e6f081e3-73a1-4f1a-a24e-872b2d125037,09ffdee2-12a7-4833-a93d-e6037ed6d3d7,Persona,PASSED,basic,80.57,True,2025-02-12,2025-10-09,,
efa59d1f-4ac2-4edc-bde1-b8be84703c22,4f2ded3f-1b35-438f-9a46-aa0173ef3810,Persona,PASSED,basic,71.65,True,2025-02-18,2025-08-03,,
1f1b5100-2abe-4f7e-a09e-ac41b232f5a9,32de031a-29a6-4683-865d-63d3fb48ec97,Persona,PASSED,basic,94.13,True,2025-04-04,2025-12-03,,
017fe90f-00a0-4bff-9ea1-b849b1c31079,ca6501f8-d7e0-4cac-97fa-e738592ca0ad,Persona,PASSED,basic,87.73,True,2025-02-04,2025-04-06,,
12c98b4a-a41c-40cf-bff3-7ae359d57420,a5d4c34c-3105-427a-90a2-64b4e095bd45,Persona,PASSED,basic,90.05,True,2025-12-11,2025-06-06,,
8b9f28ad-40c7-4acf-9205-b1722c4cd844,0098e6f1-86ec-4bb7-8aa2-831dbfd067ca,Persona,PASSED,basic,93.48,True,2025-01-01,2025-10-07,,
25bc7f15-a793-43bd-94d5-0017f6bb1465,8c2212a3-d67a-45db-873e-1143b0b8b737,Persona,PASSED,basic,85.96,True,2025-09-23,2025-08-19,,
f5096147-e4f1-4bee-a204-f138c91f50b4,d5d21e06-7408-4151-a397-51b4145420a2,Persona,PASSED,basic,96.91,True,2025-09-04,2025-05-02,,
d6c30a76-65da-49f3-b18f-8ba631f617b2,e378b9e4-5a5b-415c-97d5-713615dd2599,Persona,PASSED,basic,88.53,True,2025-09-10,2025-07-02,,
45eeb1f3-7a90-4d05-9b12-6114a8db6109,e119db9d-2a54-44dc-8731-218066b0eafe,Persona,PASSED,basic,98.18,True,2025-09-12,2025-07-28,,
6a8d8112-063b-476d-a5cf-5e1e00c4abc6,9682ac06-83cd-46d0-bfd1-a2e0b87d8dda,Persona,PASSED,basic,99.06,True,2025-12-22,2025-04-15,,
39830116-a18d-4665-ad5e-2799c43ce170,edec287b-7f09-4a0f-b905-bdf7d2fd5bd2,Persona,PASSED,basic,76.92,True,2025-01-27,2025-12-06,,
0e7fe91d-3d48-4288-8b94-54f68d87fabd,6011a54c-3d1b-4914-bd22-275dfcb4bf5f,Persona,PASSED,basic,90.21,True,2025-03-17,2025-06-04,,
bb237822-95ca-4490-a319-d32bfe6e805d,dad11a2c-bd1f-4523-bb94-de9502c8da17,Persona,PASSED,basic,77.74,True,2025-03-13,2025-11-03,,
dac63edb-a2f2-4134-b308-df00e140809c,7905f7cf-934e-4780-8db3-b71bc8dd5ec7,Persona,PASSED,basic,78.84,True,2025-11-07,2025-03-03,,
5e780077-5551-43c6-b4d3-c0c3e845574f,1a02d258-8196-4211-a071-e87230402cbf,Persona,PASSED,basic,85.36,True,2025-12-30,2026-01-01,,
e2be43a2-ebfc-4b66-b0b3-97be9e123fc2,234f02c7-4015-41ec-9b6a-ed8583aa50c4,Persona,PASSED,basic,88.55,True,2025-09-25,2025-12-12,,
ffa607da-4955-420b-8b8f-9620b9f8e655,988119f3-f391-46dd-ad14-2d3fac74c5f6,Persona,PASSED,basic,73.34,True,2025-01-17,2025-10-08,,
d8a470c2-d686-4dfa-8dcb-c2039c7bee02,e4242695-d170-4098-a2f0-8ffecd5131dd,Persona,PASSED,basic,81.74,True,2025-07-26,2025-05-17,,
93b892f9-1556-4ff1-bb86-c29c93763045,933b82a5-aeaf-4ba1-8761-c079aea32347,Persona,PASSED,basic,84.23,True,2025-03-06,2025-01-30,,
c117344d-f27c-44e8-b2a8-19f7d8c96501,3e3ebb94-d3ed-476a-99d5-1655a52f94e2,Persona,PASSED,basic,73.2,True,2025-12-20,2025-01-22,,
0be490d9-b026-4b9c-ac5e-3f5ee8f736d6,8d2c038e-0aa9-4254-b153-bf4aa0235990,Persona,PASSED,basic,74.68,True,2025-09-02,2025-02-19,,
700c0f99-3f0b-4acd-913d-f9327363109b,9663c9c3-2644-48cc-a619-3faca05a1e83,Persona,PASSED,basic,77.66,True,2025-10-27,2025-12-16,,
3ad07372-af94-4d37-8e86-3f2c6235d5f0,e7d7d420-243b-4561-9a28-6d3e585e0328,Persona,PASSED,basic,86.81,True,2025-05-31,2025-10-30,,
3aba2f85-e7ef-47cd-8d06-37ad22dc0d45,b3929215-129b-4e24-abb7-630d687fe9ce,Persona,PASSED,basic,84.68,True,2025-12-04,2025-02-11,,
9adcb328-720b-41aa-a9f7-c14c78be124f,33468860-877d-4bb5-8c9e-89b647b558a5,Persona,PASSED,basic,80.62,True,2025-09-12,2025-10-11,,
ed5cbdd3-7d9e-44fd-b0fd-0cc131d124e7,0c55b684-c613-4f9a-be84-19227c4a869a,Persona,PASSED,basic,90.63,True,2025-08-22,2025-07-21,,
1d083ddc-8b35-468b-9da1-65066926b518,78b53578-1eac-4ed2-b42f-119b540ab5ee,Persona,PASSED,basic,85.0,True,2025-01-11,2025-03-02,,
ea3dde4d-52e1-49cb-89bb-84563f8207c8,b1edc991-65d8-46e0-baf7-68c29abedd02,Persona,PASSED,basic,97.67,True,2025-01-25,2025-06-30,,
6d03abf7-b1d4-4193-a6e0-a5923d646a1d,ba951cd5-0315-4961-ae6c-eee5a3889f29,Persona,PASSED,basic,89.56,True,2025-07-14,2025-04-24,,
cb439573-85fd-4153-baf7-381b8757460c,12d8eeb8-1d47-43d7-bbd5-c4245dd887e2,Persona,PASSED,basic,86.4,True,2025-08-16,2025-05-25,,
6e7567dd-e727-4894-a0da-ff5e8dc2e7ba,e2464db7-6121-4bbc-82d7-83b4ad2a95cf,Persona,PASSED,basic,76.21,True,2025-11-21,2025-04-04,,
c4fe7104-ec0e-44d3-b0fc-ac7af2344996,0e43e128-bab9-4055-b715-c3da1e4a215e,Persona,PASSED,basic,97.82,True,2025-07-23,2025-03-20,,
d7046fb9-d806-4e94-9aa8-74e7c1e38fb7,fd5997df-6b37-45cf-8546-625807e9f5fb,Persona,PASSED,basic,91.8,True,2025-03-10,2025-01-17,,
69b00b1f-56f4-402c-9c76-85853b3a737a,5df367cc-d03a-4a26-9760-457e27cf31bb,Persona,PASSED,basic,87.84,True,2025-01-18,2025-10-30,,
83dd4af8-f36a-4ed2-ba75-3525c4f0ca71,6a59a903-a2d7-4ff1-aa35-dbef1405c208,Persona,PASSED,basic,74.79,True,2025-09-11,2025-01-30,,
f4a73d15-c61f-4ff8-b862-b7b84e037f81,12e2aef5-a227-4dfa-bbdf-62201b76c1ae,Persona,PASSED,basic,84.9,True,2025-07-27,2025-04-08,,
4c0f8e6b-d140-4e96-9ff0-2b2db18c048c,92b5adde-281c-4745-94ab-a1a04e29b781,Persona,PASSED,basic,97.47,True,2025-11-26,2025-03-16,,
544eddce-14bb-463e-a9b7-2c1eb852bc69,8eee28c1-d449-4d33-bc88-bf520f823a2b,Persona,PASSED,basic,96.92,True,2025-11-12,2025-06-07,,
abcadf6e-ffc1-409b-8788-c6a313967827,aba8ab75-e563-4d83-9245-32ccdc79b68b,Persona,PASSED,basic,84.19,True,2025-06-12,2025-08-06,,
21f6df81-5942-423b-83dc-74d2bfe00385,b6358fd4-303d-4471-832c-2071ec6de7c2,Persona,PASSED,basic,98.81,True,2025-03-13,2025-05-03,,
f6f0c30c-0e18-454b-9ff5-8e3a37a86a03,85ee30af-cfec-4705-9d7b-11f40156b452,Persona,PASSED,basic,79.05,True,2025-12-06,2025-09-26,,
edd7aff8-d57f-4bbc-a994-8ee1b4374546,025aa81c-4a51-4adb-9312-fe4a85e4c640,Persona,PASSED,basic,93.16,True,2025-12-16,2025-04-11,,
f1104c35-762e-4ac5-86b7-c88f5e7191ac,2158a512-5be9-4ec4-a36f-6a112b026dc3,Persona,PASSED,basic,78.4,True,2025-12-05,2025-02-26,,
b1c41092-777f-42a5-90af-06cd19f51177,43d9fd6d-a413-4b84-8d1b-766602e2ae1a,Persona,PASSED,basic,77.43,True,2025-02-20,2025-01-03,,
c332b801-ded8-4338-9aa9-dff6ac126182,1ed98f9b-55a3-440a-a22c-df782b992034,Persona,PASSED,basic,89.19,True,2025-09-24,2025-05-10,,
cfb1a087-b0c6-493a-aeab-f606db065169,cc1c8b9c-25f2-4e0d-a6ec-560bf97ec7b8,Persona,PASSED,basic,90.63,True,2025-03-12,2025-08-13,,
ae972dd8-7c0a-47fb-ae03-b7986bae5d70,198284fb-edbe-47b2-ade3-1a145564de7b,Persona,PASSED,basic,75.35,True,2025-04-20,2025-12-30,,
8bc054d5-f90b-47d5-bcfe-f6845b2a9b42,0403283c-4d7b-4dca-93c9-ab1874f40d53,Persona,PASSED,basic,93.82,True,2025-12-19,2025-02-15,,
fbe78e35-c1d8-42c7-a159-c44c37c63481,8d420cef-b996-4fff-8acc-0e792e7dc085,Persona,PASSED,basic,76.16,True,2025-04-16,2025-03-06,,
b7ad2d0c-7c03-4586-b962-22bb2c27eb2a,59b9361e-037c-4932-8d68-c659885bf5b7,Persona,PASSED,basic,80.22,True,2025-09-25,2025-04-23,,
dc451fe3-6afc-47b2-8ad2-5bc09f76ada3,8831fc53-91f9-4e68-9ccd-cbb264515b85,Persona,PENDING,basic,76.56,True,2025-06-26,2025-01-28,check_failed,
82f0846e-8646-4801-a57d-a2d53bd25d23,9be99e72-f19f-41c3-b7e7-b633f3bcb73d,Persona,PENDING,basic,96.56,True,2025-12-03,2025-12-06,check_failed,
2d2f5962-d363-45a8-82f8-1073c7574c5f,a062d829-fbe0-46ba-8109-cc373023fdb6,Persona,FAILED,basic,80.1,True,2025-11-10,2025-04-29,check_failed,
2680f316-3945-4fdd-8cb9-fbc075d9b06a,74e783e6-7b2f-4b1b-9bea-b12d32e2c583,Persona,PENDING,basic,97.78,True,2025-10-30,2025-01-23,check_failed,
155326d1-9235-4d94-b6ae-3d561f54f72f,9d3d09cc-ad5c-4393-a52a-277b0ab09a51,Persona,PENDING,basic,92.34,True,2025-11-30,2025-05-26,check_failed,
a2ea9b8c-0122-45c4-9a01-ca6fc9fa3b20,c35f70a7-c914-4b4e-b39f-2c0dcd4f866b,Persona,FAILED,basic,89.57,True,2025-05-21,2025-08-06,check_failed,
354df10d-066f-478d-b063-dce4b42dc8d7,3e311d37-15bc-468f-97c9-51f28b384186,Persona,FAILED,basic,86.02,True,2025-10-11,2025-12-18,check_failed,
cf97582f-f50b-4d16-9a63-9dfa7bd66a54,5b591b96-4827-4163-bc27-2b31e359d1ad,Persona,PENDING,basic,84.55,True,2025-05-07,2025-02-13,check_failed,
90f3dbc9-c504-44ec-b195-6734f364fef4,a4f80dec-987e-41e8-947c-eba0413ac7ca,Persona,FAILED,basic,71.09,True,2025-12-24,2025-09-19,check_failed,
a6ffcf46-205c-4233-930c-cf0a3278a48c,7d7a8186-459f-496e-b25c-18354848c55f,Persona,PENDING,basic,88.82,True,2025-09-14,2025-01-11,check_failed,
38088ae6-6563-4ad1-9631-3fcb173a316a,01495a2f-3850-43aa-8937-8d8ca1167105,Persona,PENDING,basic,96.7,True,2025-10-06,2025-05-23,check_failed,
235784cf-8a47-4cd9-b0a1-436b02317eb3,3cb14a19-2221-482d-a023-932690792fd9,Persona,PENDING,basic,92.91,True,2025-12-17,2025-03-13,check_failed,
009c9994-fb73-460b-9e9b-7d9977278df4,9e4943e8-08ab-4a0e-9dcd-a8a75a585318,Persona,FAILED,basic,80.65,True,2025-05-11,2025-07-17,check_failed,
1de34252-6acc-48f6-8d0f-177970a3d3a0,97ae6009-e65d-40fa-b2b8-0d2933c0929d,Persona,FAILED,basic,79.31,True,2025-09-17,2025-02-15,check_failed,
507f93b0-31a9-477a-930b-09886b29b3aa,89a883c6-3a3c-42c6-8083-4e72363b70e3,Persona,PENDING,basic,98.96,True,2025-03-16,2025-03-13,check_failed,
fb72e268-e66f-4afc-93af-33cb696c291b,fb43383e-c321-451b-94e9-81b753e9894f,Persona,PENDING,basic,74.53,True,2025-08-05,2025-11-10,check_failed,
6df6b194-cdab-4887-9e24-583aa77b9829,362c067c-1114-4c3e-b882-476ca61a1839,Persona,FAILED,basic,73.45,True,2025-04-16,2025-06-17,check_failed,
d6b49f4d-1a0f-4b1c-a1a7-6d3de7f7a763,dbe2496d-68c2-44f3-b8b1-4c2c1cad8806,Persona,PENDING,basic,95.61,True,2025-12-21,2025-05-08,check_failed,
1161ee65-4db4-4789-bbaa-9a6327abfc06,f8659be1-f3a4-4c4f-aad0-77500f981959,Persona,PENDING,basic,72.76,True,2025-03-24,2025-08-27,check_failed,
b2c5e0c1-f7d8-421c-859c-4f6dbd758327,466e1576-1877-49bf-9cab-254677d27035,Persona,PENDING,basic,77.41,True,2025-11-22,2025-11-26,check_failed,
