issuer_id,user_id,issuer_type,email,username,status,level,country,region,created_at,updated_at,metadata
ccaea7d9-bae4-47f5-934a-9cc912f86701,38ad26b6-4111-47ef-8b07-2568328e8250,ATHLETE,user11860@test.com,user_2860,PASSED,YOUTH,UK,NA,2025-09-26,,
829f67cb-4b53-42f3-822d-84227f11f94e,41022b85-2fea-40c6-a8ec-62fea8bc5c7d,ATHLETE,user10353@test.com,user_1353,PASSED,COLLEGE,UK,NA,2025-05-18,,
10c0959e-d7e3-4da3-9f28-cafc526c28b5,ce693d9e-bd74-49b7-8666-ae29ab4d48ae,CREATOR,user11333@test.com,user_2333,PASSED,YOUTH,UK,NA,2025-06-27,,
abdae7df-e802-47e4-8400-48341e3b9e8f,8b536238-8eb9-4701-b5e4-859d8c83211b,CREATOR,user10905@test.com,user_1905,PASSED,YOUTH,UK,NA,2025-07-07,,
a8f13cbb-81c1-499a-ba4b-988768d4281d,a426ef08-8049-476b-9995-5a0a87036ed3,ATHLETE,user11289@test.com,user_2289,PASSED,PRO,CA,NA,2025-10-31,,
5dd3a85c-70b2-4584-a0a6-52171633dbf7,691d3a41-05c1-474d-9d91-448bab1c99bf,ATHLETE,user11273@test.com,user_2273,PASSED,COLLEGE,CA,NA,2025-10-31,,
a42957b6-91a0-49c0-836f-05439a624721,861b26d9-2941-428b-83c2-c13a56146f35,ATHLETE,user10938@test.com,user_1938,PASSED,PRO,US,NA,2025-11-17,,
64c44d8a-9d6b-4168-9f7e-a59f3f80b9b8,938827b5-3dd3-4661-8146-7e0f4faac965,ATHLETE,user11731@test.com,user_2731,PASSED,COLLEGE,CA,NA,2025-05-06,,
f2b881ca-e228-45ad-a69e-185071b0255c,e17f2910-44bc-47d9-bfef-4fa77bcc21dd,CREATOR,user10065@test.com,user_1065,PASSED,YOUTH,CA,NA,2025-12-09,,
dbceae64-37c9-4e4d-81d9-82a1a861eaf3,26181391-e0e6-40e2-82cf-ed8dd4c01512,CREATOR,user11323@test.com,user_2323,PASSED,YOUTH,UK,NA,2025-09-17,,
f2d2673f-88a0-42f2-be7d-5bd6004176c9,8b537ac9-a707-484e-8a36-d2fa4b56edff,ATHLETE,user10056@test.com,user_1056,PASSED,COLLEGE,CA,NA,2025-04-26,,
cfad6fe9-7082-47f8-88a9-c7b9b31ef901,47eb6132-4db5-4352-a482-1d3042b829de,ATHLETE,user11292@test.com,user_2292,PASSED,COLLEGE,US,NA,2025-02-22,,
e0911e54-1a3c-4e22-8223-9eb125eb2cf8,3edc25d7-1b4d-4dd9-b42d-cd854c7d2061,ATHLETE,user11118@test.com,user_2118,PASSED,YOUTH,CA,NA,2025-12-06,,
6f669229-28ce-4a74-9e60-29706f71744a,ccf23c36-6d96-417f-9b91-f7f803017512,CREATOR,user10584@test.com,user_1584,PASSED,COLLEGE,CA,NA,2025-09-14,,
4e945ece-02ac-4e1c-8785-3c1980fe6195,64de4edf-2cca-4dfa-8f6d-e8ee70afb4a1,ATHLETE,user10374@test.com,user_1374,PASSED,YOUTH,US,NA,2025-08-28,,
2bb7d841-fb8f-40bb-9009-bb63ffab9528,86df0518-bb38-42e8-9e46-a532cdb10167,CREATOR,user10275@test.com,user_1275,PASSED,PRO,CA,NA,2025-02-02,,
091a660b-d893-4d01-8e2a-213d44517cd4,d7d4828b-2497-4ee5-9917-236b63523ff7,CREATOR,user10746@test.com,user_1746,PASSED,PRO,UK,NA,2025-12-30,,
9949e21a-9642-440b-a221-1f36996c5a21,c18e518e-0054-4a36-bee5-584a6e29c382,CREATOR,user10128@test.com,user_1128,PASSED,COLLEGE,CA,NA,2025-07-30,,
c0a59b98-2b64-4af9-b55b-a8e95edee24f,4723be40-bcdb-44f3-924c-7e201c98960b,CREATOR,user11646@test.com,user_2646,PASSED,YOUTH,UK,NA,2025-09-30,,
f6e4eac4-b04b-4924-9b8a-4e1b9cc7cd34,b5b0d8d8-20ef-482f-a40a-d30f99244dc0,CREATOR,user11852@test.com,user_2852,PASSED,PRO,US,NA,2025-01-06,,
8dc6b418-614c-41b2-8349-698450f8a790,0781d634-e389-4415-b735-99d2ced75580,ATHLETE,user10674@test.com,user_1674,PASSED,PRO,US,NA,2025-10-22,,
647b40fd-7668-4e02-a56d-33e43a229476,f9058634-ef1a-4764-8fed-7497fc17070b,CREATOR,user11664@test.com,user_2664,PASSED,COLLEGE,CA,NA,2025-04-07,,
d8cfee6d-5580-4851-80ee-f5417972dcb1,8ae8cb46-37d0-4502-a4f2-653c009c8e4a,ATHLETE,user11981@test.com,user_2981,PASSED,PRO,US,NA,2025-12-26,,
aba5be12-b515-4d62-816b-d8c1db2211e6,2d0b5472-54f6-447f-a788-6ac34ebb817f,CREATOR,user11083@test.com,user_2083,PASSED,PRO,CA,NA,2025-06-14,,
5f08e39d-a1b7-4f24-b1e4-0ad14cc585a9,7ca32f15-1343-47dd-9ce3-a4c2b0767295,CREATOR,user11922@test.com,user_2922,PASSED,YOUTH,US,NA,2025-09-07,,
63f62047-0e35-4391-b1ce-3bdbfb4ac257,2d8acb70-4e78-4b03-b56e-0110b143ce5a,ATHLETE,user10099@test.com,user_1099,PASSED,YOUTH,CA,NA,2025-05-18,,
d7b5b786-e157-430c-9b39-34d7dc3750a9,2d7edd8b-ef04-4ce5-ac26-03d82c2e0df6,ATHLETE,user11179@test.com,user_2179,PASSED,PRO,US,NA,2025-05-15,,
0cc77338-9a14-4b8b-815b-af84c251d964,85ea44ef-ab0c-4d5e-b78e-87b63c6ff71c,CREATOR,user10964@test.com,user_1964,PASSED,YOUTH,CA,NA,2025-10-03,,
98f84972-7a47-4b62-a782-966fe6184928,97e88441-ddf2-4363-bde1-1ab07c39c9d1,ATHLETE,user10792@test.com,user_1792,PASSED,YOUTH,US,NA,2025-12-27,,
22c79293-5104-4cd4-949a-ed45886902c9,84b74953-0526-450f-b3c6-0e86e3312bb7,CREATOR,user10029@test.com,user_1029,PASSED,COLLEGE,US,NA,2025-07-07,,
6b9c5bd0-79e1-4f6b-8e55-0e1974bcbd6b,7f4e51fa-47c4-469d-9b21-bc7dc8cc8263,ATHLETE,user10628@test.com,user_1628,PASSED,COLLEGE,US,NA,2025-09-27,,
3a640c34-0965-4e1e-a760-612a0899f2e5,6b91bd82-f074-47c2-a060-081a9b1e30cd,CREATOR,user10944@test.com,user_1944,PASSED,YOUTH,UK,NA,2025-12-19,,
994b9788-d908-4e64-9f4f-32354e4cb05b,f9bcc132-7a1a-4e65-ad62-52cabbdeb1a4,CREATOR,user10572@test.com,user_1572,PASSED,PRO,CA,NA,2025-10-14,,
1754e0cf-3cb5-4d3e-b675-4f072f520de3,a70e5ad9-8d04-4358-acaf-dd82616d1998,CREATOR,user10907@test.com,user_1907,PASSED,COLLEGE,US,NA,2025-05-18,,
e22162a4-e937-430e-9559-4e2fe1754607,3293e1fd-d4ec-4e47-b735-d0568f24aa86,CREATOR,user11080@test.com,user_2080,PASSED,COLLEGE,CA,NA,2025-09-24,,
6ecb086e-4a12-4871-8621-1e6d0e027cce,c24c7688-d172-4632-886e-76a2d77867ff,ATHLETE,user10450@test.com,user_1450,PASSED,COLLEGE,CA,NA,2025-09-19,,
426b59fd-2c6d-48a4-a8ab-da72c6f63a96,167cfe8e-5ce2-4403-a874-cd830c8aba53,ATHLETE,user11609@test.com,user_2609,PASSED,PRO,CA,NA,2025-03-15,,
e4209382-094c-4547-9a24-6df239aa0ca8,227c8a0f-5363-467f-bfd3-757071041ba8,ATHLETE,user11290@test.com,user_2290,PASSED,YOUTH,US,NA,2025-12-10,,
3c00515b-a19a-4535-8f78-815c4e7b1bfd,db8ffcbd-543b-4f03-afc7-5dc0839881c1,CREATOR,user11078@test.com,user_2078,PASSED,YOUTH,UK,NA,2025-07-19,,
ef64ce8d-b2c1-4956-b230-e917dfab193a,9817c40f-5ebc-40c5-b141-7c0adcb41ab6,CREATOR,user10254@test.com,user_1254,PASSED,YOUTH,UK,NA,2025-04-05,,
54f17d67-9c81-4ec4-9968-fd9c3118a23f,c7e7d6aa-6bef-4974-984e-bc6fe9e663bb,ATHLETE,user10124@test.com,user_1124,PASSED,COLLEGE,US,NA,2025-05-07,,
87833cac-5dd3-46da-8cae-3c3648a79b14,1b0cde81-86c1-46b2-88c7-f9fc8d6155c3,ATHLETE,user11927@test.com,user_2927,PASSED,YOUTH,CA,NA,2025-06-27,,
395501ee-a08a-467b-ac6f-ba8e05e763d5,6c8be86c-b2e6-432e-9df5-a50b18bef9e0,CREATOR,user10251@test.com,user_1251,PASSED,PRO,UK,NA,2025-04-24,,
108f2bec-7e12-4d79-86fa-843506e42a82,347b398b-a3ea-44a7-ae49-cf062bac4c9e,ATHLETE,user10585@test.com,user_1585,PASSED,YOUTH,US,NA,2025-10-09,,
b0ca7826-7f38-425b-9cfb-42b6b7cbce79,8a77d45a-fcfd-4d01-b316-e689a0d9c9e8,CREATOR,user11568@test.com,user_2568,PASSED,PRO,UK,NA,2025-09-06,,
12217513-69b8-4046-b52f-e26c2dae9d18,659aea12-1658-401b-ada5-4ea35c3e183d,CREATOR,user10824@test.com,user_1824,PASSED,COLLEGE,US,NA,2025-12-25,,
258e8201-f5d1-4d29-85f8-60d0019ee2df,f8883c5e-9750-4217-aae6-4410d84a894f,CREATOR,user10507@test.com,user_1507,PASSED,PRO,CA,NA,2025-11-15,,
44e10f34-d034-4fad-960c-d0a99ae24fda,64511c9e-b7c3-4b8b-bed6-bcfe904c3354,ATHLETE,user10889@test.com,user_1889,PASSED,COLLEGE,US,NA,2025-04-28,,
d000c22a-bb6b-4dab-93ee-56dc79c68aaf,084cdd12-5611-4647-af6f-7f1a1b658ce9,CREATOR,user10070@test.com,user_1070,PASSED,PRO,UK,NA,2025-09-19,,
ac3242d2-290b-4a00-9490-0ff80ce2f109,cf0654d6-480f-4de2-96ea-9d9d4f20aa92,ATHLETE,user11608@test.com,user_2608,PASSED,COLLEGE,UK,NA,2025-09-25,,
916e4622-a5b3-490b-80bc-626f879e73d2,461923ec-a72f-4c68-9f30-28547641a3f9,CREATOR,user11532@test.com,user_2532,PASSED,PRO,UK,NA,2025-03-02,,
1bbe744f-6034-440c-a71e-e0e586f7fb4c,737ba889-8181-42e6-a779-7ad05aba1d65,ATHLETE,user10247@test.com,user_1247,PASSED,PRO,CA,NA,2025-11-19,,
e033eebe-6ad7-49a0-85b5-3eccefb15a4e,8ce9ce1c-3a9e-43e2-81b8-56d80ddf9617,CREATOR,user11450@test.com,user_2450,PASSED,PRO,UK,NA,2025-07-28,,
76b88e24-e0aa-41f4-8b1c-20e93de664bd,8da76b83-71bd-4562-ab72-3cb675f3a3c2,CREATOR,user10212@test.com,user_1212,PASSED,YOUTH,CA,NA,2025-08-02,,
5d14ea89-31dc-4046-9841-0afab8db69cc,6e48bf60-f909-4e5c-a517-3d60fe9b1ad6,CREATOR,user10909@test.com,user_1909,PASSED,PRO,UK,NA,2025-12-22,,
4bc6e72a-aa27-42e1-8930-697e22505263,54a66f0d-def1-4de1-a566-d46907a6acf8,CREATOR,user11741@test.com,user_2741,PASSED,PRO,US,NA,2025-12-02,,
a2795f07-de58-4fdd-9f3e-c246315cba66,95d3fbb8-d615-4a73-a3e5-6daec2c02e6b,CREATOR,user11244@test.com,user_2244,PASSED,PRO,US,NA,2025-12-08,,
9e9cf675-32fb-4649-a9f0-adae7d298ba9,6f25597b-4e89-4a9b-9c80-5dd3eadafa20,ATHLETE,user11696@test.com,user_2696,PASSED,PRO,US,NA,2025-12-29,,
a9efc097-ee8b-49b4-b9ae-a44f95bb4525,73500680-3e99-41ce-bdc0-9d046983d395,ATHLETE,user11182@test.com,user_2182,PASSED,YOUTH,UK,NA,2025-11-27,,
bd5dadb2-3ce6-4757-8cb9-2d4767c03ed4,c4ddc366-487d-44c9-8542-82bfb165a980,CREATOR,user10361@test.com,user_1361,PASSED,PRO,CA,NA,2025-05-30,,
3c0887d0-48d7-48af-ae6e-237b288f4f4e,bfc2216e-6dbf-4797-81c6-8b1548ed831c,ATHLETE,user11473@test.com,user_2473,PASSED,YOUTH,UK,NA,2025-02-03,,
27b5a460-4702-42d8-a3f4-460e12c4fcf2,84888318-53f2-4732-841d-927b79f3fc2e,ATHLETE,user10678@test.com,user_1678,PASSED,COLLEGE,UK,NA,2025-10-07,,
9f80d010-8e02-437b-851c-20eee94e3aec,25274ca4-50bb-4e7d-93a3-fee687f01e2f,ATHLETE,user11621@test.com,user_2621,PASSED,YOUTH,US,NA,2025-12-27,,
8f84cc1e-a4a6-4e70-95fd-8b406157bfd8,a4fd7598-1972-406f-a03c-a8757502b5e9,ATHLETE,user11089@test.com,user_2089,PASSED,PRO,CA,NA,2025-03-27,,
51d3de30-71cc-4a33-9737-5db948a43287,59e6c9a4-921e-49fc-a758-dcc0a1aefffd,CREATOR,user11987@test.com,user_2987,PASSED,COLLEGE,US,NA,2025-06-16,,
a8fdc3f2-de29-4ccd-81e7-2cf9660eb4ca,80168bac-6b04-4a69-a201-025f366cb90f,CREATOR,user11847@test.com,user_2847,PASSED,PRO,US,NA,2025-09-21,,
05c833ae-9c4d-495f-a743-c23cde6e0d83,dd4ef8b0-906a-4576-8632-efc2244534eb,ATHLETE,user10987@test.com,user_1987,PASSED,YOUTH,US,NA,2025-08-10,,
ad10c260-9f2b-4185-baff-43c6bf249811,898208a3-1354-4dc9-b286-1fb26368e49d,CREATOR,user11512@test.com,user_2512,PASSED,YOUTH,UK,NA,2025-08-07,,
306c0460-50d8-4e44-8f18-ff53b172af29,ec3490ba-7969-4580-8db7-6f709f9ef98b,CREATOR,user10111@test.com,user_1111,PASSED,PRO,CA,NA,2025-07-16,,
a58bbe00-2ae2-4b05-ac1d-f63eb33efc75,cd1bbdd7-5323-4084-b6d9-dd96f76fb722,CREATOR,user11487@test.com,user_2487,PASSED,YOUTH,UK,NA,2025-05-23,,
3be52f7f-9490-46a2-9372-757fe9f0d896,879a9fdb-856c-4c70-b299-614cf8b269f1,ATHLETE,user11453@test.com,user_2453,PASSED,COLLEGE,US,NA,2025-12-04,,
34668230-bc49-4101-85f5-2682da581b37,59bd68a6-f9a4-4cb4-8a36-f6856a4359fe,CREATOR,user10383@test.com,user_1383,PASSED,YOUTH,US,NA,2025-09-26,,
77fe4551-d393-4ac5-8e50-c519b2c9c3a3,bc0015d0-08bd-460e-9e18-d3e105e852cc,CREATOR,user11395@test.com,user_2395,PASSED,PRO,US,NA,2025-12-02,,
70d79419-0cb9-4ca1-86ae-ad0a2191e387,6befc4f1-802d-43d4-8e0b-b0d5476b5802,ATHLETE,user11054@test.com,user_2054,PASSED,COLLEGE,US,NA,2025-02-10,,
78ae857d-0ad1-4179-9261-9c0eef2c7f98,796c8bf8-9595-4928-8634-77232f3a6638,ATHLETE,user10755@test.com,user_1755,PASSED,PRO,CA,NA,2025-01-13,,
2b0aa866-97fd-4726-a566-75adbc0bfcc0,efcb8dbc-4307-47aa-b02a-312537f4223a,ATHLETE,user10324@test.com,user_1324,PASSED,COLLEGE,UK,NA,2025-05-20,,
418b373f-5120-4696-81af-3d7329e4e206,d7f66bf5-c562-41a0-96be-570ee8fa582d,ATHLETE,user11623@test.com,user_2623,PASSED,PRO,US,NA,2025-09-12,,
838c8d64-0408-4cae-9b55-7e4b19473d65,a2587dfb-fb67-422c-9061-20949d68c152,ATHLETE,user10787@test.com,user_1787,PASSED,PRO,UK,NA,2025-09-24,,
65d9fd2b-bff9-4087-af54-00435b4192d9,07223c32-e65d-4617-a698-aefc62bacc90,ATHLETE,user10368@test.com,user_1368,PASSED,YOUTH,UK,NA,2025-05-24,,
a4593520-a947-419f-87af-2b0214ec0c3f,d0b7153b-9bc5-4fe0-b78a-0b14fa476a39,CREATOR,user11819@test.com,user_2819,PASSED,COLLEGE,US,NA,2025-03-24,,
e8faf80e-2d79-40a0-8882-922c7c2d6c6c,e3e5ff67-ab47-44c7-aa64-0e090d401a14,CREATOR,user10069@test.com,user_1069,PASSED,PRO,CA,NA,2025-12-12,,
ec280a6f-5370-4867-a414-9035e038c360,0d68b1e9-c0bc-4a3b-8758-697354c5848e,ATHLETE,user10857@test.com,user_1857,PASSED,PRO,CA,NA,2025-07-02,,
68d3e8a9-3370-4ce5-ba8f-35ec8b4a1398,65b95eb8-36ed-4f4e-ac30-0e68de47983a,CREATOR,user11483@test.com,user_2483,PASSED,YOUTH,CA,NA,2025-06-02,,
86cda1db-ed26-4ddd-9afd-fdd844f14c8c,4f33fbaa-ae36-4411-aa73-4a5eadff37ac,CREATOR,user11555@test.com,user_2555,PASSED,YOUTH,US,NA,2025-01-14,,
d1664d62-663d-4b1a-a071-d6dfbd4eb758,9ed7544f-65c0-47ef-9d78-c2441ea4e769,ATHLETE,user11691@test.com,user_2691,PASSED,COLLEGE,US,NA,2025-10-14,,
50cc68d3-71f1-49ca-9ec3-4dbc97194b76,f7857691-25cd-4bfe-9125-6b3af4ff48dc,CREATOR,user11474@test.com,user_2474,PASSED,COLLEGE,US,NA,2025-01-07,,
7efd8050-726c-48f2-911a-ff0ae7e9db0c,4d75eafd-5afa-45df-9405-dbff615c29ac,ATHLETE,user11798@test.com,user_2798,PASSED,PRO,US,NA,2025-06-16,,
77f6e1f4-7a20-4c6d-8e94-b5270c634d07,2c19da72-d4ed-4a44-8b63-af23c119290e,CREATOR,user10478@test.com,user_1478,PASSED,COLLEGE,US,NA,2025-05-17,,
16a868a3-303d-4cdc-8772-077b9e59affb,ab473e4c-eac7-4f5e-bc79-c5415a60f009,ATHLETE,user10281@test.com,user_1281,PASSED,YOUTH,US,NA,2025-07-16,,
1e32ada0-ed68-42f0-a9b3-1a2ac7955e5e,6a945831-b39c-4525-bcae-7772ce1fa4f4,CREATOR,user11647@test.com,user_2647,PASSED,COLLEGE,UK,NA,2025-11-01,,
2741ac32-87fb-419d-baa8-ea9a4a13559f,fe24ebdf-f961-4336-b986-120b606e0f73,ATHLETE,user11556@test.com,user_2556,PASSED,YOUTH,CA,NA,2025-04-11,,
356cc07a-a2e7-4fc0-8860-2439157cdb33,1b6312ad-8aca-423e-9a3b-c1d16a61b83a,ATHLETE,user11729@test.com,user_2729,PASSED,PRO,CA,NA,2025-04-06,,
7bf92559-a507-49cf-aad4-e7daae737a16,fa33fb6c-f908-4c3c-aa85-785d5a975c65,ATHLETE,user10210@test.com,user_1210,PASSED,YOUTH,US,NA,2025-09-11,,
f8c35247-d8df-4da3-96e1-cb8d7849b745,5566cc61-2a2c-4a1e-8593-ed7290526a41,ATHLETE,user10297@test.com,user_1297,PASSED,PRO,US,NA,2025-06-03,,
d4e17616-fd6f-4d6d-8420-eac53627f6d2,576597dd-6f3e-4080-a169-0ef361f9a1e4,ATHLETE,user11884@test.com,user_2884,PASSED,YOUTH,CA,NA,2025-04-09,,
3380224a-6504-4225-bbd4-3d160005013b,fa3806a0-3e52-4fb2-aced-b17cc11f530d,ATHLETE,user11833@test.com,user_2833,PASSED,COLLEGE,UK,NA,2025-11-17,,
58de9b0d-4a6b-4f47-b964-6d870f7ac9b2,f9a364c8-f5ca-455f-9b3e-a30222254e3f,ATHLETE,user10651@test.com,user_1651,PASSED,PRO,CA,NA,2025-03-28,,
810c6905-187d-43eb-93ec-7454b507570a,b5d83490-ab25-466b-8ca5-6a70b7624b53,CREATOR,user11233@test.com,user_2233,PASSED,COLLEGE,UK,NA,2025-04-28,,
c0ea83a5-f861-48b0-aaf1-03be0f1193f4,04d0257e-252d-4789-812c-49fc54899450,ATHLETE,user11502@test.com,user_2502,PASSED,COLLEGE,UK,NA,2025-04-20,,
5bf27cab-4c7f-4cb0-b1ca-2b0c90393976,b5263c1e-d565-4d46-a40a-51bf600831c4,ATHLETE,user11931@test.com,user_2931,PASSED,PRO,US,NA,2025-04-27,,
c5301036-484f-46c3-8abb-860e0832aa03,69a0f0ab-37e6-49f8-a8c1-63ba5c34bda6,ATHLETE,user10916@test.com,user_1916,PASSED,YOUTH,US,NA,2025-03-02,,
d893f3d3-c7b3-479b-989a-0f8bcf7cfc91,f4de902e-c3fd-4fb2-8b17-c08189247e32,CREATOR,user10993@test.com,user_1993,PASSED,COLLEGE,CA,NA,2025-09-17,,
4f248cfa-e7b4-4eb3-af64-debb7d905e5b,73df1238-e236-42d9-bcef-60b2ce5859ae,ATHLETE,user10429@test.com,user_1429,PASSED,YOUTH,US,NA,2025-06-07,,
de1efa9f-53b0-43f2-a5e2-463edf2f22e0,70d6e78b-ba50-47f0-a253-085dcf71c8dd,CREATOR,user11370@test.com,user_2370,PASSED,YOUTH,US,NA,2025-07-06,,
b373675a-13d7-473d-872f-1c1cb844f292,d093367b-3518-44ff-8dc9-a6c21ca3441c,CREATOR,user10239@test.com,user_1239,PASSED,PRO,US,NA,2025-10-25,,
ef65f9b2-2189-4c94-b220-b608a67f7b81,7202a17d-f9db-4d7b-91d9-f9bcc1b54758,CREATOR,user10879@test.com,user_1879,PASSED,YOUTH,UK,NA,2025-01-29,,
f9de050a-6432-4348-9137-6d7ca7ae3062,fcdc7191-53bd-4807-8ed1-a1661dc66c4d,ATHLETE,user10620@test.com,user_1620,PASSED,COLLEGE,CA,NA,2025-02-10,,
214b8b68-11f7-49ea-ad16-df03fa519e2f,6d2d578c-94ae-492f-b72c-0033d4923f6d,ATHLETE,user10256@test.com,user_1256,PASSED,COLLEGE,UK,NA,2025-01-19,,
6cfb2bc7-e230-48e0-9b1f-9d5fa8631c87,5625b3a2-08d9-46a4-a6a9-77b6d4975957,ATHLETE,user10611@test.com,user_1611,PASSED,PRO,CA,NA,2025-06-22,,
578a7055-af2c-4026-ac7f-1f7e22a5a42e,ac625e0a-d434-4358-923d-d7a667630a30,ATHLETE,user10544@test.com,user_1544,PASSED,PRO,US,NA,2025-02-11,,
6e204c5e-e0ff-4bea-9dc3-5365ff4aa5c8,a0302df5-a7a1-49d8-9fa0-e7f50d237701,ATHLETE,user10771@test.com,user_1771,PASSED,PRO,US,NA,2025-10-25,,
bd571f48-1aa2-4c01-b111-f3de7421b457,b10c92a4-c87b-4aa2-a822-6f3ce728814c,CREATOR,user11419@test.com,user_2419,PASSED,PRO,US,NA,2025-11-21,,
5211537b-237d-40e2-ad11-eb107be9977b,606011da-0f65-4c29-8816-2ba9d89e9c6f,ATHLETE,user11041@test.com,user_2041,PASSED,YOUTH,UK,NA,2025-08-28,,
88919ca0-1b5c-4596-8e8c-05ccbbbd8cfb,d241f407-e7c9-4757-9704-8e846a3dc269,ATHLETE,user11789@test.com,user_2789,PASSED,YOUTH,UK,NA,2025-11-29,,
bba5d49e-8863-4d1c-a83c-44b0fbc276dd,adf7f001-828e-41ef-99c2-8bc0e6c6ed99,ATHLETE,user10759@test.com,user_1759,PASSED,YOUTH,CA,NA,2025-09-12,,
53449431-6c7a-40d4-a5c6-06d850284900,665aa030-d875-4bc3-b001-1e4f12e936df,CREATOR,user10382@test.com,user_1382,PASSED,COLLEGE,CA,NA,2025-01-03,,
787cd621-4576-433f-a37b-60a84a58ac43,efc784f5-5dd8-46be-a899-571c2185bffe,ATHLETE,user11103@test.com,user_2103,PASSED,PRO,US,NA,2025-01-24,,
2c774c86-ea4c-4778-bc00-eca3cf77e9e3,060a6ef2-af68-4b90-b91d-a5a183090b04,ATHLETE,user10973@test.com,user_1973,PASSED,COLLEGE,UK,NA,2025-09-28,,
07096c9d-45cb-4b59-8eef-972c5c896f24,c1b81bec-8816-4df8-b938-9258df3d8ed4,CREATOR,user10352@test.com,user_1352,PASSED,PRO,CA,NA,2025-07-10,,
2f240fdc-8bd9-4318-915a-1af858eebc51,96806fa0-ee9b-4be7-b673-89d330e11242,ATHLETE,user11605@test.com,user_2605,PASSED,COLLEGE,US,NA,2025-08-02,,
65bf5046-65aa-41e3-9ffb-1820707d116b,51c319cb-34ca-41d6-bafe-9a570486a02e,ATHLETE,user11825@test.com,user_2825,PASSED,YOUTH,US,NA,2025-07-16,,
06d4998e-bc5a-4423-a23b-59a9045abcb3,5f691744-e597-49b7-9f51-d86870ae8715,CREATOR,user11036@test.com,user_2036,PASSED,COLLEGE,UK,NA,2025-09-02,,
50f84457-fb59-4d62-b710-ced72f160e1c,8bc0afc3-3a1a-454e-80ff-09a9eee81a9a,CREATOR,user11107@test.com,user_2107,PASSED,PRO,CA,NA,2025-11-18,,
28a55c52-11ce-4806-aeab-6690cde7414f,fe5547c8-4185-4b36-9501-592960e4002e,ATHLETE,user10494@test.com,user_1494,PASSED,COLLEGE,US,NA,2025-06-07,,
598e667f-f0a6-484f-9e0d-baa208870c54,100fd8c5-b673-4b72-a529-7b93a8b4115f,ATHLETE,user10393@test.com,user_1393,PASSED,PRO,UK,NA,2025-08-22,,
ebbf8db9-01cf-427e-b7a1-a78ded40dd53,9f6578ec-1783-44c7-8ca7-0f2d1de60334,CREATOR,user11546@test.com,user_2546,PASSED,PRO,CA,NA,2025-10-06,,
075f9070-14d2-465d-b4bb-75a642d0c76e,aab6d197-faf8-4c08-bc08-3e3734194670,ATHLETE,user10464@test.com,user_1464,PASSED,COLLEGE,CA,NA,2025-01-28,,
7092dcd6-71f4-4e3c-ba36-83c7afe4b27f,750d3add-2b61-4e56-8266-d217f56762ce,ATHLETE,user10886@test.com,user_1886,PASSED,PRO,US,NA,2025-08-15,,
7ae93e53-a178-47fb-ad5f-cbc716dd595b,c0ce66a4-51ce-4d73-a990-7c8fe4d3b7bb,ATHLETE,user11193@test.com,user_2193,PASSED,COLLEGE,UK,NA,2025-10-29,,
5c41fcad-6253-4ee0-a559-f1aeca71dad4,1d0c44c9-ab10-4810-a973-684fada4e9b1,CREATOR,user10366@test.com,user_1366,PASSED,PRO,UK,NA,2025-03-12,,
f2bf78f4-4713-4766-9469-da506e5db99b,8c1d1034-3361-4f0f-b62e-70570bd11022,CREATOR,user11893@test.com,user_2893,PASSED,PRO,CA,NA,2025-03-04,,
0f482c67-1be7-4743-b2d8-8ce87c1a5b8f,3c75cf8f-83e5-44d8-95bf-652187898624,ATHLETE,user11873@test.com,user_2873,PASSED,COLLEGE,US,NA,2025-05-17,,
c4a470e4-1c7f-4a33-8875-71ece3ec4510,74df17ea-013c-44c4-9687-9c49ac33ab09,CREATOR,user10744@test.com,user_1744,PASSED,PRO,US,NA,2025-11-08,,
1eacb5a0-5b52-4052-b36e-c09a786d19c2,d445759a-90dc-442c-a511-c7ce7aa1e811,CREATOR,user10529@test.com,user_1529,PASSED,COLLEGE,CA,NA,2025-05-22,,
5bf7aa67-d9cd-40a0-b378-6fd35912d9de,6a94abc6-e90a-449e-9272-38f22d37756b,CREATOR,user10802@test.com,user_1802,PASSED,COLLEGE,CA,NA,2025-04-06,,
575f03d2-9c35-4c25-b74f-e9d214386412,808eafa5-3692-404a-b36f-16327a6f0ba8,ATHLETE,user11223@test.com,user_2223,PASSED,PRO,US,NA,2025-12-26,,
6836b37a-9b7c-48d5-94b0-eedd71616ac0,04b6773f-f837-45fd-8b85-c477ee5d499b,CREATOR,user11978@test.com,user_2978,PASSED,YOUTH,US,NA,2025-10-30,,
7f8752cd-377e-408b-adc8-88ea1072d16f,03a5b4fa-23ea-4ded-9a85-e448728e58f6,ATHLETE,user11905@test.com,user_2905,PASSED,PRO,US,NA,2025-09-26,,
cdfe35a0-6eaf-48d2-8921-4a18a917c23d,88edbd9e-bb18-412f-a2a7-b940264075e2,ATHLETE,user11699@test.com,user_2699,PASSED,YOUTH,CA,NA,2025-09-27,,
6349eb43-aae4-4a3f-b1ef-78747d22ec28,0f679d47-7d15-4dc6-822d-95043ba1bdf6,ATHLETE,user11544@test.com,user_2544,PASSED,YOUTH,CA,NA,2025-06-17,,
89dcb07b-9b82-4a2b-9e30-8c618a0d0e98,e89d7bbd-74ac-4e06-82be-598e96a9ee03,ATHLETE,user11313@test.com,user_2313,PASSED,PRO,UK,NA,2025-07-23,,
3d2b4647-e8df-4641-ac91-a3667baa05f0,34ae3ccb-d99b-4efa-94f2-7c89c003bff0,ATHLETE,user10306@test.com,user_1306,PASSED,COLLEGE,US,NA,2025-01-06,,
091aa7d8-c1f4-4ebf-9660-9a8f9d0a7957,75ab3671-acc1-42ef-bcd8-3577cd1512bb,CREATOR,user11666@test.com,user_2666,PASSED,PRO,US,NA,2025-04-07,,
e5737232-cb38-4acb-8317-acb516e19739,facd0229-ce57-4d06-bded-53d058ce9f8a,CREATOR,user10862@test.com,user_1862,PASSED,YOUTH,CA,NA,2025-04-15,,
adb5c42f-bee8-46e7-ade5-8fdd04d02702,1a895337-97c7-4675-af5f-1eee57a6c19c,CREATOR,user11566@test.com,user_2566,PASSED,YOUTH,CA,NA,2025-05-18,,
277d7aa6-6ba8-44b6-92d6-886731f6f7ef,33d3aa1e-8593-4518-b60d-23a07bf564cb,ATHLETE,user10530@test.com,user_1530,PASSED,PRO,US,NA,2025-12-21,,
4e46e581-febe-4616-be8b-e4670baacc70,731ef6ee-a9e7-4e9d-8455-aa7ba16282a0,CREATOR,user10654@test.com,user_1654,PASSED,COLLEGE,US,NA,2025-07-27,,
701ce3b3-0491-4bb6-bbe1-6e2c15d3574e,09361a67-b9e2-413f-9e6b-a90463ec6db7,CREATOR,user11259@test.com,user_2259,PASSED,PRO,US,NA,2025-06-04,,
366fd3dd-1099-44ef-97f1-8f1591976ba2,5e218e5b-5320-4496-89cc-6d3a962ecaf2,ATHLETE,user10233@test.com,user_1233,PASSED,PRO,US,NA,2025-01-29,,
86ab1e17-4e52-4e16-8064-510845959ba4,f396eb1b-e7e1-4894-90ad-5695bbcf24c4,ATHLETE,user10120@test.com,user_1120,PASSED,YOUTH,CA,NA,2025-06-01,,
a7b003bc-efed-4fbc-b0b5-c39d87986f4f,1f4e6441-961d-4f3d-9014-f3ddbcbab67b,ATHLETE,user11697@test.com,user_2697,FAILED,YOUTH,US,NA,2025-04-19,,
2da175f4-7a72-4212-bfdc-ab2397d24af0,460086d2-0a91-431e-9f39-5d8a25b7a2b2,ATHLETE,user10949@test.com,user_1949,FAILED,COLLEGE,UK,NA,2025-02-27,,
dd6b1aa0-0389-4b7d-a86b-63ab5b7a36ad,e6d3e0cd-e7b0-4062-82d9-3c9ec018e6b4,CREATOR,user10617@test.com,user_1617,PENDING,COLLEGE,UK,NA,2025-04-16,,
d2de152c-e992-4ede-9f46-475b4367f726,2e2c124d-e0e9-40d6-89e0-bdcec2c865a0,ATHLETE,user11178@test.com,user_2178,PENDING,PRO,US,NA,2025-01-08,,
c68ee746-7c85-407e-a37d-05277cba579c,712ca3bb-64dd-4ea8-83cf-3dbe86de6691,ATHLETE,user10307@test.com,user_1307,FAILED,PRO,US,NA,2025-02-21,,
e6785cc7-caa3-4c7a-9842-966b5dcdfbe0,7411c151-b47c-4d21-90ef-e8c75c2321bb,CREATOR,user10135@test.com,user_1135,FAILED,COLLEGE,CA,NA,2025-10-24,,
fe648e41-af9b-44b7-8524-ed1fc4606f28,7c78f107-3206-44b0-b5d2-31eb43b40c28,ATHLETE,user10554@test.com,user_1554,PENDING,COLLEGE,US,NA,2025-11-18,,
0f901e41-9b49-40c3-8695-15025e322285,6c521708-7cab-4229-873b-98c199ce2f39,CREATOR,user11673@test.com,user_2673,FAILED,YOUTH,US,NA,2025-09-11,,
867e0a22-70fe-45e7-a3b2-05f73baed6a2,0dd6b99a-318f-4143-9aa3-514af767bedb,ATHLETE,user10583@test.com,user_1583,FAILED,YOUTH,UK,NA,2025-03-30,,
aaf3987e-31ae-481f-82c8-066a07f44e8a,34dfecb9-1dab-489c-812f-8a726c991dcb,CREATOR,user11640@test.com,user_2640,FAILED,PRO,CA,NA,2025-07-06,,
b1284aa2-4917-4f9b-a514-1345b8c0e93d,d0ab458e-c555-411b-ad48-335801081d0a,CREATOR,user10670@test.com,user_1670,FAILED,COLLEGE,US,NA,2025-07-18,,
6b2161b8-5999-499d-ae14-87525c2d8d0e,fcaaecd7-fa2c-434d-acf6-3264075ea24d,ATHLETE,user10834@test.com,user_1834,PENDING,PRO,US,NA,2025-11-22,,
55503d73-250e-47fe-8317-723d8be27c2e,5d809239-b395-4c56-9d36-c6a106243c76,CREATOR,user10109@test.com,user_1109,PENDING,PRO,US,NA,2025-05-24,,
96d8587d-9efa-4b64-82d2-7b213c88513d,c75b953c-e2ea-4975-8d7e-6cdd50f8554b,CREATOR,user11164@test.com,user_2164,PENDING,PRO,UK,NA,2025-03-21,,
d64271b4-d415-44e9-b406-97fa05fe2abc,e3be2c72-24a5-406c-9f9a-88044fa13eed,ATHLETE,user11959@test.com,user_2959,PENDING,COLLEGE,CA,NA,2025-08-01,,
fac59d64-f260-4cea-9b1a-718a2600c534,ae3bc5de-13e6-4ced-a5c1-a83946255f97,CREATOR,user11464@test.com,user_2464,FAILED,PRO,US,NA,2025-12-07,,
641c8f32-596b-4150-a773-b06f0d4e2bd1,98479776-a739-483f-861b-dab6eaaecf58,ATHLETE,user11728@test.com,user_2728,FAILED,COLLEGE,US,NA,2025-10-25,,
050cc7ba-900b-4745-bd8d-b18fb7ad3213,8df89ccc-5048-432e-bbf2-7fbdcdc82420,ATHLETE,user11242@test.com,user_2242,FAILED,COLLEGE,CA,NA,2025-03-21,,
e2f74e98-e6eb-452d-96b8-6093a951a767,626089c9-a0f4-4e5e-911d-7b5d23f444a2,CREATOR,user10211@test.com,user_1211,FAILED,PRO,UK,NA,2025-12-18,,
7bb3ebee-ea45-451c-a1bd-cc4d2a3fc00d,a61e8dc5-7a37-4911-a6d0-d48ca8f93e67,CREATOR,user11767@test.com,user_2767,PENDING,YOUTH,CA,NA,2025-07-03,,
945fe954-05e3-4e63-8a99-517b6f5580b2,bdb30ec9-732c-4efc-9d96-d3a409c11737,CREATOR,user11120@test.com,user_2120,FAILED,COLLEGE,US,NA,2025-12-26,,
c9440fb9-1be1-454e-b698-dda14def8fdc,8f343e7e-f674-4ff4-9c9b-81935356a122,ATHLETE,user10679@test.com,user_1679,FAILED,YOUTH,US,NA,2025-12-21,,
ae5c636b-3d33-41d1-95eb-ad6caa510dce,49313a89-efe1-4610-b0fe-484bea26b365,ATHLETE,user11950@test.com,user_2950,FAILED,YOUTH,US,NA,2025-09-01,,
d6b57b90-b030-47e6-b1e5-0183a35b7253,13a118e3-73fe-45a5-90fc-32c186008190,CREATOR,user11838@test.com,user_2838,PENDING,COLLEGE,UK,NA,2025-02-07,,
022b666c-688e-4739-ada5-470f670e0372,7cb79dd6-f45c-48f0-a295-5fd7862d4a76,ATHLETE,user10411@test.com,user_1411,FAILED,PRO,US,NA,2025-06-08,,
839dfd11-37e5-43ab-a4c0-ce8c19c6921e,96e2cebb-fd99-44de-9933-008abc43f32c,ATHLETE,user11324@test.com,user_2324,PENDING,PRO,US,NA,2025-04-04,,
edb29271-f6ab-42e3-9746-935e5aba32ab,208c7400-bac2-42d9-9296-2c72d7664f00,CREATOR,user10782@test.com,user_1782,PENDING,COLLEGE,CA,NA,2025-02-25,,
de0271ea-4e42-4501-90d5-1700689f1ec5,a62ef9e4-8174-46ce-95e4-c9bfb4470b91,CREATOR,user11345@test.com,user_2345,PENDING,YOUTH,CA,NA,2025-08-13,,
aff4b541-1404-4dac-b0f2-74101f3e2f62,481a5184-fbe0-43fe-9ac5-3d104eb9713b,CREATOR,user10874@test.com,user_1874,PENDING,PRO,US,NA,2025-03-14,,
7a896a64-2b20-40ee-b56d-1e24bc0f78b8,e9fc24e1-1746-4ca8-9861-de6928177192,CREATOR,user11652@test.com,user_2652,PENDING,COLLEGE,UK,NA,2025-11-17,,
739d338d-53f4-459a-ac90-b3fb55613ba7,35a222b3-0fe6-42dd-bc0e-87a03f43ff8c,ATHLETE,user11278@test.com,user_2278,PENDING,YOUTH,US,NA,2025-03-11,,
06df318b-273a-463d-aeda-1a04e1710b49,1abb9829-fe27-4aad-b282-04e4beafcc68,ATHLETE,user10785@test.com,user_1785,FAILED,PRO,CA,NA,2025-05-20,,
cd8304f3-9626-4789-8e1e-79f075a39e12,8ab38160-9cd2-4054-b49f-8f3ba79d5cf6,ATHLETE,user11818@test.com,user_2818,PENDING,PRO,US,NA,2025-04-22,,
a131c901-08c4-40e5-a2c5-e750eafaec7c,50ac3100-bba8-40a8-96c5-a558d7ef18a9,CREATOR,user11198@test.com,user_2198,PENDING,PRO,US,NA,2025-11-16,,
f60cda2a-8470-4f63-b712-933b3d62f008,cbd7ff91-330c-4510-bd08-168f57ea35c4,ATHLETE,user10807@test.com,user_1807,PENDING,PRO,UK,NA,2025-11-30,,
a8e0627b-1317-4269-a362-f7ab2189132c,7907936b-67df-4caa-a67a-c093a76157fa,CREATOR,user10712@test.com,user_1712,PENDING,PRO,US,NA,2025-07-08,,
cc0ad695-19e2-4a39-abe8-ade28ca793be,3dd5b21f-d7ef-469b-a96f-dd910e2d155f,CREATOR,user11990@test.com,user_2990,PENDING,PRO,UK,NA,2025-10-14,,
0897b7ec-e83d-4c40-8bf0-9461e5053577,37a810ac-7a96-43aa-8ca4-e6c62b00a969,ATHLETE,user11659@test.com,user_2659,FAILED,YOUTH,UK,NA,2025-03-05,,
9a4e0641-6198-475b-996f-3ecfb141b106,6ab67b4f-4394-4b90-9a4d-2ab57448d6f1,CREATOR,user11190@test.com,user_2190,PENDING,PRO,UK,NA,2025-05-30,,
c6e19fa1-1f2f-4188-89ea-5f881869a5cd,fb90566f-3359-4332-ad82-02f090a2e2f6,CREATOR,user11225@test.com,user_2225,FAILED,YOUTH,US,NA,2025-11-10,,
39d2f5ef-d194-4a0d-9408-6e4fd23bbaad,a3f21d58-2f10-4e9e-a24b-3aade67c3191,ATHLETE,user10602@test.com,user_1602,FAILED,COLLEGE,US,NA,2025-09-03,,
516fea06-760a-43dc-9b19-dd20d3480732,ab8dba6d-0c4a-4157-955d-4925d90a726e,CREATOR,user10270@test.com,user_1270,FAILED,YOUTH,UK,NA,2025-08-09,,
ff1bfd1e-33e6-44e1-a673-dd5c4c0f7130,3ff86fe9-7bd1-4d4c-bf1c-94d071f089ef,ATHLETE,user11384@test.com,user_2384,PENDING,COLLEGE,CA,NA,2025-01-17,,
5d109710-5615-4603-8429-894e50db5720,efa8ef91-0b10-44ef-a7b6-8cd6dae58a5b,ATHLETE,user10231@test.com,user_1231,FAILED,PRO,US,NA,2025-01-26,,
7baba446-182e-4330-b731-4ae5a9017711,029eafa2-aa50-4971-a206-ed3d3bf46b2d,ATHLETE,user10049@test.com,user_1049,FAILED,PRO,UK,NA,2025-05-24,,
842429d2-e28f-4aaa-903e-609a67c47ad0,cc7cbca4-5264-490b-955f-e791e937877b,CREATOR,user10462@test.com,user_1462,PENDING,COLLEGE,CA,NA,2025-11-08,,
a70280eb-7431-4382-ae24-4cc0da999b8e,031dc71d-b3e3-4368-bd0f-de6f7b99e937,ATHLETE,user11105@test.com,user_2105,PENDING,YOUTH,CA,NA,2025-12-10,,
e8f3d425-a23c-4e2e-acca-875b904269cd,aa8324d0-7cd2-44c2-b85f-a23e3ac38617,ATHLETE,user10855@test.com,user_1855,PENDING,YOUTH,US,NA,2025-04-09,,
83d89115-ccc8-4bc7-b2e8-ef000c5fe5d6,767dcd23-a4ca-426d-97ba-69ec97af32f7,ATHLETE,user10693@test.com,user_1693,PENDING,PRO,UK,NA,2025-06-30,,
445e540e-2d0f-43e7-aa24-2ffeedb065cf,f9075748-8da3-43e3-9783-dd36db19e3be,CREATOR,user11551@test.com,user_2551,FAILED,COLLEGE,CA,NA,2025-10-22,,
