social_verif_id,issuer_id,platform,handle,followers_count,verified,initiated_at,completed_at,attempts,status,metadata
e1048791-af7a-43fd-8d10-0df88eef7f63,51a0663a-3486-42e5-b10a-15489fcd052f,X,x_5843,359012,True,2025-06-24,2025-09-07,3,PASSED,
e6d58746-cb40-4755-9025-2394a572b210,c54c0781-9cca-4ac7-9480-d13ad9e3d53b,YOUTUBE,youtube_1552,511286,True,2025-02-08,2025-07-21,1,PASSED,
28fe8955-9c00-440e-833d-c14e5f797485,647578c1-bc55-4d72-8a12-4bb490354d98,YOUTUBE,youtube_7839,7627,True,2025-09-11,2025-10-07,1,PASSED,
11071cda-cf9d-4063-b138-40986d60e2b8,d61c7b86-15ef-4484-ac8c-612793aff52b,X,x_6045,757345,True,2025-04-27,2025-05-06,2,PASSED,
0704bbf0-b65a-4dd7-9041-ce478e888abd,0e42c3ae-9a65-496e-a39a-b407b3272d5b,INSTAGRAM,instagram_3692,387761,True,2025-12-11,2025-11-17,2,PASSED,
423ad5d5-975c-4d31-b890-a131929fe291,3eaf174c-50bd-4858-90e4-947c9f7eeaea,X,x_5993,84090,True,2025-06-16,2025-05-16,3,PASSED,
1400cdf1-ee7c-4bcb-9d5b-48038aa78d2d,7a904156-8683-458f-b47d-5c4aab49af45,INSTAGRAM,instagram_9550,911296,True,2025-09-14,2025-06-25,1,PASSED,
15abe99e-c7c1-4cf8-b895-c209bbf0e11f,3f285584-fdc6-48e9-9734-3942d31bacf5,X,x_9549,503694,True,2025-12-29,2025-09-10,1,PASSED,
cd31863f-4cc3-4db9-9e33-8f34d9e01bfe,28bcc0c0-0d23-4fef-8276-9f31c7f14e5f,X,x_4343,402655,True,2025-07-06,2025-07-30,2,PASSED,
23cc069f-9dbb-4551-859d-97412598ac7c,03efff52-d949-452d-b6bf-ac17b531a0c5,X,x_5631,847706,True,2025-04-22,2025-05-18,3,PASSED,
e7b61a4d-f796-45ea-ab8a-6ff98e9a8aca,ad46becc-3e6b-4282-984d-49231d515a94,INSTAGRAM,instagram_9388,890775,True,2025-10-13,2025-08-28,3,PASSED,
d560b944-caf2-4832-878d-6e4dc8a6a3b5,b2844c9f-af96-47da-b5c1-82a7fd1ee5e6,INSTAGRAM,instagram_3814,688530,True,2025-07-10,2025-06-23,1,PASSED,
93ea56a0-e344-4982-a6bc-0c290bbaf71d,846a545c-d9c0-46ab-beb7-62cadfa11990,X,x_9639,246126,True,2025-08-24,2025-04-30,1,PASSED,
d817afa7-22f0-414a-abea-1c6d3fd0feb4,e1ea9e9c-71a9-4a5f-b478-6da4ec91b1ff,INSTAGRAM,instagram_2878,509858,True,2025-03-04,2025-12-04,3,PASSED,
1be6884e-aed9-4cb5-8eb3-898535ca0bcc,e584e7e2-e828-44ef-bee7-3845beb0ab4f,INSTAGRAM,instagram_8267,695722,True,2025-06-05,2025-09-27,2,PASSED,
fc88120a-0b01-4a32-8b4b-7e1bcf80e7c3,90e12ca6-63dc-4837-a703-9f8929bcbd14,X,x_4711,88411,True,2025-05-31,2025-12-08,3,PASSED,
d7b66c21-8677-445f-8b78-4347141bb5d2,7d59b7f4-f1ea-4bab-8063-52a4aaf45cf4,YOUTUBE,youtube_6740,397405,True,2025-12-07,2025-01-15,2,PASSED,
b0ab1daf-43e9-4af9-82c3-90ec06ccd639,1a738623-e241-4d69-bd00-cee9b49634a2,INSTAGRAM,instagram_3919,856352,True,2025-03-10,2025-10-23,1,PASSED,
5518236c-8306-49c1-95ba-5386dcf209db,1eedfe20-d53b-4724-a4cd-23334a53e427,YOUTUBE,youtube_7254,793247,True,2025-06-19,2025-04-11,1,PASSED,
b81a85c9-e9cf-4650-b6c9-53af77a1028b,ae2ccce2-43da-4fc7-9850-3e08b5e8dc0b,INSTAGRAM,instagram_1973,743316,True,2025-04-10,2025-10-10,2,PASSED,
8ca5cdaa-c0d1-4ead-90b2-1d1774d19324,c9899787-f70f-4b60-8a29-934a2fd276c4,X,x_3491,166108,True,2025-09-28,2025-01-03,1,PASSED,
f8ad6e6b-4dc9-4ba3-b941-a60eb77cf84b,e83a1696-a573-4686-b3b4-4e41c493a203,X,x_1893,188267,True,2025-08-28,2025-11-04,1,PASSED,
40374714-a55e-40fa-8ccf-0b61abdd3107,f7081bbd-73e1-4a30-98a3-dc6e26433fcd,X,x_4589,611690,True,2025-10-06,2025-02-17,2,PASSED,
b6142c58-d42d-45dd-b570-4ff6831bc3a5,94cdbeb5-7f30-4f09-a2c3-369e8d8c0f22,X,x_8781,466975,True,2025-08-16,2025-12-04,2,PASSED,
60c6662d-3cc0-4191-a2d3-5e26613583fb,a76e618d-c65c-4e4b-830e-0e334a097270,INSTAGRAM,instagram_5456,98255,True,2025-05-12,2025-05-18,3,PASSED,
9f4e379c-db8c-4ad3-a28f-4700e661c533,7eae04df-ab4c-418c-ad30-e1b498a60072,YOUTUBE,youtube_4885,736857,True,2025-12-21,2025-06-27,3,PASSED,
7859f8e0-d094-4617-9b33-11c300387c71,04f64e5a-b7ea-400b-8ad9-30b6e3735150,INSTAGRAM,instagram_3484,121433,True,2025-09-02,2025-02-06,1,PASSED,
5813d3c5-a323-4cc3-882c-0ec3841d178c,b411f72e-128d-43ea-bbe5-fc8f04cbe3ea,X,x_4594,736611,True,2025-12-30,2025-08-11,2,PASSED,
31eb2c58-0576-4514-bfed-373b03319576,8265289a-0939-4381-8b05-ca47af825f5e,INSTAGRAM,instagram_9319,75548,True,2025-03-30,2025-12-21,2,PASSED,
d6a814ea-1272-4aae-b931-df25e4575008,5fae65c9-2cef-491b-96d6-cadb6975121d,X,x_4827,91699,True,2025-09-19,2025-06-03,3,PASSED,
fd694fd7-9c0a-4760-8269-b8a3b70434a9,ed4e3f12-9181-4f72-abf4-d7531cf1a53d,INSTAGRAM,instagram_9735,31208,True,2025-08-06,2025-05-14,3,PASSED,
14931d7e-8051-42fa-8000-e8c14590388d,502401e1-13c7-40fe-a4d7-2e14b6e6a8a7,X,x_7307,484879,True,2025-02-14,2025-01-31,3,PASSED,
59551ddb-ca2c-4c83-821e-3bbf60c9cf28,3b469c9c-f312-4123-9b10-29f58ff050f6,INSTAGRAM,instagram_4254,171694,True,2025-10-07,2025-02-01,1,PASSED,
57e9fb31-3e90-4d22-8d58-1a4d06c788db,75e8eca1-ef65-4637-b2f6-0539ae770bf9,X,x_5274,5482,True,2025-07-03,2025-10-07,2,PASSED,
e098103e-eba2-4a98-95d2-f1102f9f8b23,82215456-afe2-4c03-990b-c2860e66d714,INSTAGRAM,instagram_1146,663189,True,2025-06-02,2025-01-02,3,PASSED,
7712d0fb-0d7a-46fc-98c4-6fa9962e4d4c,1993a9dd-0ee8-4859-b428-6308b0f6e7f1,YOUTUBE,youtube_4912,885575,True,2025-10-27,2025-07-14,3,PASSED,
8b7ecbb6-a53e-44a8-8b0c-865252e3328c,8c9afd66-d69e-4d8f-9e43-59ffeddc898c,YOUTUBE,youtube_7245,571731,True,2025-01-17,2025-03-10,3,PASSED,
6496da33-2100-47e6-a36a-22cfe05be171,9c8858b2-92b5-4635-8983-713f175c3796,INSTAGRAM,instagram_9411,357746,True,2025-06-05,2025-04-23,1,PASSED,
fa34cf15-9042-4b3b-ad63-9cf4c68a4c77,601d5eac-64b0-4566-b8fe-3d11b9642087,X,x_9516,746631,True,2025-10-08,2025-10-16,2,PASSED,
410a0628-1321-4f5d-be0d-67deca087724,c0f5fee8-fa25-40ff-b4f6-bddbcf1940ec,INSTAGRAM,instagram_1681,621628,True,2025-12-02,2025-04-24,1,PASSED,
7a11c60f-ed50-48ff-8b2d-95523e832e84,9c99a70f-eab5-403a-8073-512a931bf764,X,x_7575,730760,True,2025-02-01,2025-01-08,2,PASSED,
b76c2ebc-5d28-4191-9957-900249f94fbf,90d1059d-abe3-4fbd-b947-23052c7e5069,X,x_7850,831907,True,2025-01-24,2025-07-24,2,PASSED,
1e006731-86f6-4d21-9036-01594d35264a,c0c054d5-59de-4ccd-ad53-370c3606d25d,YOUTUBE,youtube_2220,666911,True,2025-03-01,2025-01-28,2,PASSED,
733a6b8c-a5ce-494d-abff-09e12b5a9899,2af8c71c-d0fa-4498-8f60-428d1d7805ec,INSTAGRAM,instagram_6510,687250,True,2025-03-26,2025-10-15,2,PASSED,
01849134-d83b-4877-899d-3b1dca8bfded,1768176c-648f-418e-86b7-7040c7e2724b,YOUTUBE,youtube_9064,935155,True,2025-06-27,2025-07-10,2,PASSED,
b0c584fd-cf8d-41e1-af80-981a4e4f7efc,79d60e8f-a0d0-4799-94aa-ef88117e0aca,YOUTUBE,youtube_6108,215590,True,2025-07-09,2025-02-12,3,PASSED,
e05e18f0-bcac-4a45-a4b2-1ac64615af6a,109899bc-e1e0-4efe-888a-7e212ce2c979,X,x_3430,408486,True,2025-09-26,2025-06-23,2,PASSED,
15e745d0-6f1b-46af-b4e7-1b7ee513c912,c7533a29-7805-44c3-a7ec-1a8b416ad1bf,INSTAGRAM,instagram_8214,210691,True,2025-05-05,2025-03-30,1,PASSED,
e87e5dbd-42b0-40b2-96bf-83fb5c7fd1c0,cfa88abf-7764-477c-8827-33b997a208c3,INSTAGRAM,instagram_9669,84335,True,2025-04-20,2025-08-03,1,PASSED,
b820ef80-f0a4-4764-87aa-f88e857ea88a,2f08a6df-7fa0-4b82-b81e-6b49721330e8,INSTAGRAM,instagram_4096,601757,True,2025-10-20,2025-05-28,3,PASSED,
120078fc-1b60-43c5-ba4c-f6063a2092a1,465e44d7-0500-4539-a306-96a468dde96a,INSTAGRAM,instagram_4410,429100,True,2025-09-17,2025-02-10,3,PASSED,
83ea5342-65a4-4100-bb66-873a36c057df,4250dd50-4529-4929-8f9f-0f382692c4fe,YOUTUBE,youtube_1621,78701,True,2025-11-20,2025-04-05,1,PASSED,
e194c6cb-237a-4b9c-8d22-1b22b0ccb980,c5cfab8c-1ae1-4b1f-8084-7d11c070cb86,YOUTUBE,youtube_2650,121356,True,2025-09-05,2025-02-16,1,PASSED,
62792651-f2b5-43d3-a5f4-42729504a74f,e072e8c9-82f8-46ab-98a1-34dde4f662a2,INSTAGRAM,instagram_4984,865688,True,2025-05-08,2025-09-22,1,PASSED,
f80df46c-ac74-4a4c-996a-df7c969e328d,da30f413-e671-411d-ac58-39bc543fa6fc,X,x_4129,9763,True,2025-09-22,2025-11-24,3,PASSED,
15e93b0c-cf14-4df9-a0bb-fde2d8710b65,22745612-bd43-49ca-8d3d-c6233b1efc84,INSTAGRAM,instagram_2267,757739,True,2025-06-30,2025-04-07,2,PASSED,
f230f63e-e76c-4898-a3f6-52bf67eb4523,3d2c182a-3169-4ec7-b0e4-a0c98fdb9378,YOUTUBE,youtube_5129,828816,True,2025-06-21,2025-10-25,3,PASSED,
827eccda-86d6-4320-a37d-31b17760e4d0,d4e8694a-2d70-475a-8273-bcce8a1079a7,YOUTUBE,youtube_8001,611298,True,2025-08-03,2025-02-21,2,PASSED,
b50f1fbb-95f7-478f-b877-329e313c9ebe,85604515-75ff-4317-bcc3-e61a0f54823b,YOUTUBE,youtube_8284,848558,True,2025-04-08,2025-04-01,2,PASSED,
baa73c8e-d48f-4db5-8f4c-4390aa329db8,2d816a8d-2851-44e3-82d1-9da3725edf4d,YOUTUBE,youtube_1328,64227,True,2025-06-27,2025-02-10,1,PASSED,
e61f1787-bbbc-4de2-9f37-caeb269076e9,0af20c19-39b9-46af-9340-cbc2b3684a74,YOUTUBE,youtube_2453,251355,True,2025-06-21,2025-08-17,2,PASSED,
769f9a49-5925-406c-822f-93b378c7e367,46d7bf7a-b161-40dc-8c41-c546b68e3c4d,YOUTUBE,youtube_2817,59190,True,2025-02-03,2025-11-04,1,PASSED,
6c8ad92d-cc96-412b-9fac-e5ba0554189a,4b0fb57b-3bb3-457d-9973-16f232ecb9ff,INSTAGRAM,instagram_9705,651918,True,2025-04-13,2025-06-23,2,PASSED,
a3d4392a-6e86-4bf2-82e6-fa120a7dd48f,27f2c103-ace5-4680-a536-b244f44bc760,X,x_7665,87949,True,2025-05-23,2025-10-02,2,PASSED,
dc38a7dd-7ad0-4310-af76-cc8af8b69c57,aff1b03d-a8a4-45d5-816d-01e2c17375f1,YOUTUBE,youtube_1992,832296,True,2025-09-26,2025-04-02,1,PASSED,
c9dab511-d695-438c-9d84-d3937d9faadf,3d323cd2-bd81-434b-9f5b-d038f8151363,X,x_6599,704699,True,2025-09-03,2025-02-13,1,PASSED,
c9819525-3068-4392-af36-055075a65bd7,7ed3fa46-4653-48dd-bd4e-cd53324f8fac,INSTAGRAM,instagram_1476,592327,True,2025-06-24,2025-01-22,1,PASSED,
dd908594-bbb0-40df-8945-b1c9f9d690db,b35bbef9-21e7-48ca-b873-e133e8002320,YOUTUBE,youtube_2761,771653,True,2025-08-17,2025-04-29,2,PASSED,
0ed21a82-3b0e-4576-80e8-ca9f8ae6834b,930e50bd-0b0b-4587-a28c-cffdde0be97f,YOUTUBE,youtube_9278,774446,True,2025-09-28,2025-08-11,2,PASSED,
3c2c2d86-810b-40f7-9f57-4c37a48fb6c5,3176567b-064a-46cf-9191-cb903390fe39,INSTAGRAM,instagram_3053,192885,True,2025-09-10,2025-09-02,2,PASSED,
c29683cf-8166-4f98-aac4-3affb5a0e510,72560f54-a81b-4d41-8335-7c78890917c6,YOUTUBE,youtube_7652,657637,True,2025-12-01,2025-10-13,2,PASSED,
62aa372c-b3da-4c57-8647-5c9bc7e4a0e8,ed9a8096-44af-4188-b654-866ccb392d96,YOUTUBE,youtube_3856,273330,True,2025-08-23,2025-07-10,3,PASSED,
78026818-757e-4769-9a35-d732f534fd17,635ad4f6-2089-4539-aed1-012baa599b12,INSTAGRAM,instagram_8812,900939,True,2025-03-19,2025-11-17,2,PASSED,
09445bbd-205d-48a1-af0b-9cf79126d4d1,eb7fbe13-7f06-4abc-979a-503afb36bec7,X,x_1888,623800,True,2025-11-28,2025-09-15,3,PASSED,
da5d6506-8fcd-4677-a7da-a98f02e61a1d,79c68f5a-1db2-40e4-a89e-0c69c34c9d03,INSTAGRAM,instagram_6211,393956,True,2025-03-11,2025-04-13,2,PASSED,
53afed42-d26b-441c-b034-54cb630b51e0,e9bc508a-844d-405a-a26e-1813413bb318,INSTAGRAM,instagram_8842,907259,True,2025-01-29,2025-07-02,3,PASSED,
947e1f52-4b2e-4f25-84f6-691caeb1de05,106e3e0c-de14-4976-9f75-23e13d960d8b,INSTAGRAM,instagram_6949,22766,True,2025-09-03,2025-03-07,1,PASSED,
b735f742-457c-41c6-8f3b-98d5e4bc633f,3f7607ca-b5a8-49a1-87bd-d6883d8829d8,INSTAGRAM,instagram_1133,938961,True,2025-02-20,2025-12-29,2,PASSED,
3e97ca2d-8595-46a4-b179-576dfaf65c86,802b4c9f-9461-4083-aeaf-794e4e300252,INSTAGRAM,instagram_1211,760910,True,2025-01-22,2025-05-19,2,PASSED,
24d347e2-d054-443f-aa2a-5d318cf831e8,7f55f9cf-0ca2-4bf2-9c1c-90770d39a2b6,YOUTUBE,youtube_9399,36869,True,2025-04-07,2025-01-16,2,PASSED,
c4ee2125-8f17-4a6c-94cb-f2a94c591dd7,1cb1466d-6582-4fb6-8d00-30de4fc6f911,INSTAGRAM,instagram_5747,398898,True,2025-06-17,2025-06-09,2,PASSED,
1da7fa5b-9379-4347-8917-39110274f013,de99b952-f8d4-4abb-a290-de19c3d6716b,YOUTUBE,youtube_5751,697033,True,2025-11-21,2025-02-08,2,PASSED,
476076d3-16d7-4ecf-a245-ef73ac2057df,fc44a804-6528-4bf6-b443-d4d70863f860,INSTAGRAM,instagram_5022,677672,True,2025-01-29,2025-06-13,3,PASSED,
a42b767d-e9de-4940-a5a6-6d834a269bf9,90f96f4c-9b8a-45d9-96ee-5e69d2d83acc,YOUTUBE,youtube_5926,177216,True,2025-09-05,2025-04-02,3,PASSED,
9397229a-4922-4cbf-9ec4-c2c641fd22b4,77832515-63ec-459e-a0c3-f89776dc76e0,X,x_7706,320671,True,2025-10-22,2025-12-24,3,PASSED,
5183f466-d0f8-4ac1-81b3-4caebb04c1b6,88724a2c-e187-4dde-b277-9f82096898e6,X,x_6930,691925,True,2025-07-12,2025-12-01,3,PASSED,
e1221d3d-f57d-4ab8-a684-1156e9d30f57,07a7d672-0ee2-4c00-9a40-af6f5c139b79,INSTAGRAM,instagram_2981,215420,True,2025-04-04,2025-05-08,3,PASSED,
8fb4af2f-a7bf-44b7-b55a-1eb9ebfb27c9,1f79de3a-927c-4d89-9129-41641e9a7862,X,x_5737,661711,True,2025-04-03,2025-07-29,1,PASSED,
7e73381a-883f-445a-ac91-c4f4ce82c6c4,46ab61ac-0eba-45ef-beae-22ee86732f91,X,x_2910,765642,True,2025-10-15,2025-09-12,2,PASSED,
965f8a9a-f9cd-497c-9880-14ba92075a1c,ba1fbe2c-9b6e-4466-adc5-fa7f0ea78f65,X,x_3664,771436,True,2025-07-10,2025-02-06,1,PASSED,
402138ee-f66f-469e-91c5-50ebe906489a,9746a27f-ee69-443c-9503-39f2c944d18e,INSTAGRAM,instagram_1787,820795,True,2025-06-09,2025-01-10,2,PASSED,
7dc0ae92-ada0-43dd-b957-6d1565cbb457,8d0a32bf-53df-40aa-82ee-df020dcc1fdf,YOUTUBE,youtube_3778,485439,True,2025-01-11,2025-12-17,3,PASSED,
3176d840-b45a-4421-a38a-23f909c15a26,78728a9e-f543-4a2b-9058-f049b473ee0e,INSTAGRAM,instagram_2582,489217,True,2025-07-20,2025-02-13,1,PASSED,
ac844824-ec8c-4a94-8389-b40b20fa686a,de2b3532-e7b1-431b-bcc4-11a1692c1247,YOUTUBE,youtube_5772,900300,True,2025-08-05,2025-04-02,1,PASSED,
ab716d30-a802-4f36-b1d2-bdd02c6dd32c,f55dda86-39ff-4d98-a137-7cf70b4bc7a7,X,x_5878,713179,True,2025-05-08,2025-04-15,2,PASSED,
8c3fccb4-a149-4d82-9966-b94e3ef0f29a,bd4c4b9e-9c36-4a1e-b60b-9d4474a7cfe6,X,x_9366,77482,True,2025-11-24,2025-08-24,2,PASSED,
fc23e6d7-ac6e-47c8-817b-57f913d820e3,cb93e609-688d-4fd3-9009-fe42cdcdd2d4,YOUTUBE,youtube_6038,223935,True,2025-09-01,2025-01-04,3,PASSED,
2cb0c398-c96b-4baf-8113-120d86819801,f01ca401-d47c-430d-8f66-db9b06df3bd9,YOUTUBE,youtube_4697,834782,True,2025-08-05,2025-06-14,1,PASSED,
4ab19eb0-299f-482a-9f1d-461a105d7681,bfa49061-6e34-4481-8419-38de684d764b,X,x_8466,817416,True,2025-11-13,2025-11-27,2,PASSED,
07e8bee4-9417-405e-afb1-deb29bf8da16,8635b2c1-f6f9-4c73-bf32-543668a8c968,X,x_6409,187828,True,2025-12-20,2025-08-07,2,PASSED,
c2d8f20b-9fab-4ca5-890b-e3f830d439d9,ebf02628-9da7-4d32-b1b0-9a4ab3a1b576,X,x_2292,51274,True,2025-03-26,2025-07-27,1,PASSED,
12d83e08-573f-4328-90ab-e74040176020,7089d763-6fe7-433d-9317-ef762567382f,INSTAGRAM,instagram_2114,637996,True,2025-01-04,2025-01-03,3,PASSED,
30b04a1f-42fb-4dfd-b2db-616a02d0e7b0,ac7ba1e7-b633-4c67-b009-f05c0b3916db,YOUTUBE,youtube_5408,736793,True,2025-03-16,2025-06-18,3,PASSED,
db6098de-da7a-4769-867c-fa917f7f674b,2ee4ad79-05e3-4331-95f9-54fa41b78b9b,YOUTUBE,youtube_3409,131902,True,2025-02-10,2025-01-15,3,PASSED,
7081f50b-da83-4297-8167-445b6070e109,d3807baf-1de0-428e-ae2c-6a6d259f0002,YOUTUBE,youtube_2523,615808,True,2025-07-01,2025-08-10,3,PASSED,
c0349df1-caf9-43bd-9ed2-d23bd0377591,919d29ea-f813-4c6e-bd07-31d9e1c445d2,YOUTUBE,youtube_6811,437106,True,2025-01-26,2025-04-24,3,PASSED,
f4de4446-f788-4e8d-a6b4-dfdb111c945f,37b16751-59dc-4441-82f4-109ae29e69bd,YOUTUBE,youtube_2575,949966,True,2025-10-02,2025-12-21,3,PASSED,
d16ab899-117d-4e85-a650-5dc370ddb75c,51175a59-a7aa-49aa-95a4-f1dad8ce2627,INSTAGRAM,instagram_9417,319272,True,2025-12-14,2025-05-11,1,PASSED,
d92daf48-3af0-4c8b-bd34-8457c7603400,d4378c6f-2839-4ed6-a6d4-92b9a2bfd6b0,YOUTUBE,youtube_9323,733156,True,2025-02-11,2025-11-28,2,PASSED,
6fe55793-f09d-42e7-8c71-c61f0284bb4b,5d1aa27f-2d5b-47b0-a41d-ca07e6725f8a,YOUTUBE,youtube_7241,232372,True,2025-05-13,2025-02-23,1,PASSED,
93ab36e5-8cd3-4fb3-8411-3f4fcd15874b,1f3a48a5-2c64-4800-b4d1-0a45b97b95c0,X,x_1175,441268,True,2025-10-06,2025-03-31,3,PASSED,
b4eba356-485d-4bf6-9cd2-20d6317857db,6e066e46-a649-4720-a42a-c2c345763aff,INSTAGRAM,instagram_8253,18710,True,2025-12-15,2025-03-13,3,PASSED,
e5def17a-5042-4d37-8707-d140f0f1baa5,8b6f6290-a073-449a-b941-c46fa5c61f8e,INSTAGRAM,instagram_3717,349365,True,2025-09-30,2025-04-21,3,PASSED,
103feb14-eb22-4dba-b020-3aebfdedae28,effae6de-24b5-43b5-abf1-1325f477e5e4,INSTAGRAM,instagram_9992,363666,True,2025-11-23,2025-05-03,1,PASSED,
90ff9b28-e0f3-4140-9ff1-be6338303d37,4e6a4b2a-e441-48cd-8636-9fb39b53a0a1,YOUTUBE,youtube_8361,931697,True,2025-04-08,2025-01-16,3,PASSED,
e8951fbb-273e-427f-9518-a45946ae4a31,3946e442-5c15-44ac-9303-eedb53b101aa,YOUTUBE,youtube_9283,890506,True,2025-05-14,2025-06-10,3,PASSED,
51ee263c-39cf-4846-ab59-1c5e90c653e6,f8f9bcd6-6b27-4d41-a5c5-1ce26ee879c8,X,x_6287,367665,True,2025-05-17,2025-05-24,3,PASSED,
1be7b2d1-3392-4101-86db-cfcc1b588ef5,1ef99192-60bb-4b56-b361-8c5262b45859,YOUTUBE,youtube_6362,444540,True,2025-04-29,2025-07-23,2,PASSED,
b3b3fd6b-d7d0-4c74-bb92-b46dd19a3310,c4bfc6f7-4c83-4642-a855-a978edc87a51,X,x_1651,133643,True,2025-08-29,2025-06-04,3,PASSED,
26dae479-6b61-4332-abb5-b75bd9babf2f,149543db-2650-41bc-8374-a1092fca9ca5,YOUTUBE,youtube_8651,392600,True,2025-02-02,2025-01-26,1,PASSED,
b5734a94-6541-4872-8a48-c6915d52005c,e9b56c29-7030-47a2-a9b5-3b0fb3a5c154,YOUTUBE,youtube_5969,648375,True,2025-10-10,2025-08-22,1,PASSED,
04d46693-d83b-42ca-b3e6-839072f1bcd0,69601c3b-7b13-4ef1-83bb-1fd6806c241f,X,x_5029,703261,True,2025-08-15,2025-02-16,1,PASSED,
3c6ce629-7a7b-4c20-97a7-72d8f965554c,272f65a5-085d-4557-bbaf-4d40e86a0dc7,INSTAGRAM,instagram_5115,141712,True,2025-06-03,2025-01-03,1,PASSED,
a0dd33c3-3d26-4e92-ab85-b8235bd07c82,f09b87b5-9a52-4ad9-812e-a6c601d88972,INSTAGRAM,instagram_2450,33815,True,2025-09-23,2025-09-20,3,PASSED,
25732ac5-74cf-4a91-830c-3a7e08b01a56,b91a2599-c00b-461e-a3fe-be18e35a9de7,INSTAGRAM,instagram_1547,386144,True,2025-01-27,2025-12-14,1,PASSED,
f0097058-d230-413a-b11d-57b7abfa6dff,8b01f64a-9c41-4251-a67d-f6239ca1ab82,X,x_9124,482476,True,2025-09-10,2025-06-25,1,PASSED,
f28e90b9-e228-4601-b678-abeb993dfb77,646ba116-5dd5-451a-8699-3b9f4af42e5d,X,x_6050,637788,True,2025-09-27,2025-06-13,3,PASSED,
59a9eefc-ed81-4265-88f9-99f9b1f3cf4f,df8d22f3-e418-4079-a351-dbd60fc37675,X,x_8971,931005,True,2025-09-20,2025-12-22,3,PASSED,
36f58518-ac14-4958-841d-a83aafd659fe,a534e44b-b237-469d-a660-7d86030b304a,INSTAGRAM,instagram_5347,53421,True,2025-05-22,2025-11-11,1,PASSED,
68dd6e78-ea79-4778-bb52-ec3e06114ade,2b5b6e1f-90e5-4c2a-9947-964981c213fb,X,x_3755,655464,True,2025-03-29,2025-10-03,3,PASSED,
68de7dc6-ffa9-4953-85b5-bfb11670d628,355bdce4-f975-4425-82bd-da2d4a58ca5e,INSTAGRAM,instagram_9246,576141,True,2025-07-18,2025-08-13,3,PASSED,
c0b2c72f-254e-429c-b8a5-1d86b9cb1f35,33e9aaf4-c67d-419e-a9c5-3926e7bf03ed,INSTAGRAM,instagram_7029,666832,True,2025-04-13,2025-02-19,1,PASSED,
3172bf94-fbfb-452f-b572-05a75ddec47d,dae1896c-25ca-4748-81dc-c039b87197f9,X,x_2812,643494,True,2025-04-17,2025-08-08,3,PASSED,
c23ae9ed-6a48-4a39-a029-39031512d6b3,b2a49f88-c44f-439e-8648-7527b24ff8ff,YOUTUBE,youtube_2647,178297,True,2025-07-29,2025-05-03,3,PASSED,
61655fd2-1da9-4a07-9401-fe1e6aa138af,ae85e877-16a3-4522-9303-e4d43c867c8c,X,x_4602,843389,True,2025-02-18,2025-03-28,2,PASSED,
40fdb2c4-f848-494a-b62c-2a9654f6ae14,f9913c91-7b2a-4de0-84c0-1052f83c03d1,INSTAGRAM,instagram_2059,998769,True,2025-03-29,2025-07-30,1,PASSED,
ce954f68-09be-451a-9b1c-17901f21322f,edd2d1d7-b825-41eb-8b57-e8409f1df9c2,YOUTUBE,youtube_1282,950097,True,2025-05-30,2025-04-26,3,PASSED,
93d15dca-12ac-4815-9024-38a77df7e066,851cafee-f266-4596-9151-651a36c5da7c,YOUTUBE,youtube_9666,477517,True,2025-06-04,2025-03-26,3,PASSED,
05f38cef-17db-46dc-822c-972bb0d9eb60,ca489e1f-6e3c-4ad7-a4fe-2ad60221b7b9,YOUTUBE,youtube_7583,556520,True,2025-02-04,2025-04-14,2,PASSED,
ee9bd827-ab4b-46a0-ba5a-07a553037e64,04aa187c-3d85-4279-869a-7d8bf2807bb7,YOUTUBE,youtube_3364,381646,True,2025-01-26,2025-09-24,3,PASSED,
fa8be24d-7cc7-4a85-8b9e-8237e257ee60,ff0adecb-4823-484b-aea1-22bc39472aee,YOUTUBE,youtube_3632,4218,True,2025-07-23,2025-06-29,2,PASSED,
2b6095cc-78b8-4bb1-8217-a4b496c6490b,5332f2e0-21b6-4bdc-beac-66853cabfa38,INSTAGRAM,instagram_8867,768136,True,2025-08-28,2025-09-17,2,PASSED,
4f2621c1-e850-4759-845a-3150422d4ebb,e1e37e8a-ca16-46e2-af52-a1b55065ee03,X,x_9821,355592,True,2025-02-12,2025-07-28,1,PASSED,
0e513b84-16ab-4b99-b245-62ce929e1ff4,193d527f-2539-4bd6-8b88-db44b7e7534d,X,x_3765,663946,True,2025-08-06,2025-08-17,3,PASSED,
4c79b5a0-eddb-4ce1-b64e-f522b12b8e1c,671480c5-8e7c-4a43-8ad4-ae665b1c21dd,INSTAGRAM,instagram_5806,464190,True,2025-04-28,2025-07-05,2,PASSED,
52a3d4db-a8e0-4870-aa84-67ffbd221a68,8e3412ca-2829-4fe7-9455-135479030782,YOUTUBE,youtube_7763,984524,True,2025-04-26,2025-10-11,1,PASSED,
5bbfe83c-d9ea-47fb-85f2-f489f56b8103,6b43956c-8ae0-4ef2-b79c-2d92e0e11a70,YOUTUBE,youtube_4790,201306,True,2025-08-20,2025-02-10,3,PASSED,
ccdc7dd0-8e15-4406-8c83-df3c35fef7a1,ab9c9fd8-c4c2-446b-bc03-e572458ddc14,X,x_4383,644302,True,2025-05-09,2025-06-20,2,PASSED,
33064c5c-ac6a-4a71-92b9-38241e470117,e9f1ef0c-837e-4bcf-8e7f-c34f933e1ba1,YOUTUBE,youtube_6869,504378,True,2025-03-04,2025-03-24,1,PASSED,
5d4b096d-4630-4c1e-ae19-8d4564144fb5,c76cdbdd-2c98-4129-a402-a30a8600bc27,INSTAGRAM,instagram_5225,450665,True,2025-06-06,2025-06-23,3,PASSED,
847b7563-a39e-40ea-9227-cffbe29d34c3,3ee90b58-8c8a-42c7-88ff-63b0d8635e6f,YOUTUBE,youtube_3548,64610,False,2025-05-13,2025-12-26,3,PENDING,
f809d05f-778e-41b5-9ac0-647e4e82a16f,8328b3a8-39d8-4e2f-84ec-87eb8281b395,INSTAGRAM,instagram_9851,421681,False,2025-01-15,2025-03-29,1,FAILED,
f1dd1518-4dcd-47f7-b3df-7c30f937d22c,919b3bf5-7eb4-420b-83a5-3b0f3fa2a1ab,X,x_4636,106812,False,2025-03-08,2025-11-11,2,FAILED,
331a6c5d-25f2-4981-8cd2-262375322ffb,b53aba43-6383-496f-b4d3-cb8f9376ebb1,INSTAGRAM,instagram_4552,674857,False,2025-06-18,2025-12-03,1,PENDING,
2fee70c3-fd94-460c-bd04-c934e98e0acf,44a37b4f-434f-4fac-afd2-c46ca8f18c6e,X,x_2824,926502,False,2025-02-06,2025-09-05,3,PENDING,
5e19ab34-86d3-4f03-ae4b-5bf569499953,980ac69b-9bd2-4e7e-aab5-14526eb03e8f,INSTAGRAM,instagram_4373,746918,False,2025-10-02,2025-03-21,2,FAILED,
a397c1e8-a58b-40a8-bfba-87c9ff50304e,c040e0d2-ab8c-4ef3-b6f6-a2939fbd12bc,X,x_2145,544271,False,2025-09-25,2025-06-23,2,PENDING,
c2e36867-359c-42f9-8c09-9213734a2e58,5d1912c9-8e4a-47ed-a6d3-534906589ab0,YOUTUBE,youtube_5451,798382,False,2025-07-26,2025-02-17,2,PENDING,
fe74b690-cee5-4e3d-9181-2c1c39d0d879,2d4c170b-b582-4a8a-8d64-dc74cdb6def5,YOUTUBE,youtube_5645,325726,False,2025-02-27,2025-10-24,2,PENDING,
924e07bb-6029-49c0-882a-14752d891860,b9805b3b-4dab-44b8-8fc4-32d773d4900f,X,x_8515,851135,False,2025-12-21,2025-11-28,2,FAILED,
79b9d210-0726-44b1-bd37-4b8f03b95bdc,56f70f14-1c99-49ae-9aae-be846f6920fb,YOUTUBE,youtube_3382,262817,False,2025-12-16,2025-10-13,1,PENDING,
9b0f9fb0-7159-4388-988f-83ccfff50f00,574cce93-bc64-439b-8f8f-a066e6ee15cf,INSTAGRAM,instagram_9573,426826,False,2025-09-22,2025-03-02,1,PENDING,
15a0777a-cd0e-4ff8-98db-3547f1133f56,4c8c0f0e-e034-4c9c-85ad-fca1b315df20,YOUTUBE,youtube_4262,286938,False,2025-08-15,2025-06-05,2,PENDING,
680e2714-50e5-4928-8968-e12b9bf15566,6915c19a-23b0-490d-89cd-711dbea4b4bc,YOUTUBE,youtube_4932,601207,False,2025-12-28,2025-08-06,3,PENDING,
d93af8e1-46a1-4b1a-8506-900c2b7318b5,2bebe3ca-e0f2-4649-9b82-c8dbc64e49b6,INSTAGRAM,instagram_6972,679720,False,2025-01-27,2025-05-27,1,PENDING,
2ae1522b-0974-4283-8704-ddb86efd441b,e33db7a8-462d-445a-bae3-07a3e473f0df,INSTAGRAM,instagram_4261,949073,False,2025-08-05,2025-10-10,2,FAILED,
ec7a9cbf-24aa-409f-ad31-1590b6d8ea16,7580123d-608a-4049-88d9-a247d4ea944f,INSTAGRAM,instagram_5457,645959,False,2025-06-12,2025-03-23,2,PENDING,
df9225fd-108c-4bc8-8c25-8a0f93443fa3,1a2e0825-e5d7-4369-a802-9cf138a5442b,YOUTUBE,youtube_9259,450541,False,2025-02-09,2025-03-17,2,PENDING,
ab0dd93d-fc13-45b1-904d-73cd71cee993,9269a050-cda0-46ec-9839-7a6cdc34f319,INSTAGRAM,instagram_1102,216492,False,2025-01-17,2025-03-17,2,FAILED,
76bb6672-1b81-4146-8814-9894c29577fa,6d367506-baf2-45c5-b3da-99657922cee4,INSTAGRAM,instagram_6966,794646,False,2025-06-26,2025-10-04,2,PENDING,
ab78b751-563c-4841-b6b3-a6d272221f4e,348abc2d-b4df-487e-b127-a0fe49fecb9d,X,x_9234,90773,False,2025-06-01,2025-08-17,3,FAILED,
4c192596-cc69-4f3c-9401-8e2a9d6f5a5b,2d04894b-3c3a-4548-897a-bbf26707ce74,YOUTUBE,youtube_3036,562921,False,2025-05-10,2025-06-03,2,PENDING,
4cb70c3f-676d-45b4-ad29-7871f55d3b71,c2bfdc14-fbdc-43a5-a87f-7164bf7440d9,YOUTUBE,youtube_8746,175926,False,2025-06-19,2025-08-07,3,PENDING,
59622ab0-a0e2-4c6c-b9ac-dfa91226b8f6,64bceef4-58eb-4780-82f2-c155c9d79f42,X,x_1362,35127,False,2025-05-25,2025-10-11,3,PENDING,
a4823773-2561-4e20-adc5-791fd7de56dd,b14884ab-0a72-424a-aac0-f2c9fddf8b04,X,x_6768,510466,False,2025-05-06,2025-08-04,2,PENDING,
0d93e2b5-14cd-4b84-b17b-bb67be51882c,a3c287b3-59f3-4d98-a458-012d3e8a1335,X,x_3277,534174,False,2025-08-21,2025-08-12,2,FAILED,
c39af058-3c3e-4923-9b49-f1b52b425db1,cf9a91d4-b863-4c46-a89a-8f8088a528a6,YOUTUBE,youtube_2492,247155,False,2025-05-14,2025-07-10,1,FAILED,
8159baba-6396-4121-a1af-1747eb6c1cb5,01ddd7c8-6902-4d27-8835-52b99bae2273,INSTAGRAM,instagram_1336,809529,False,2025-02-24,2025-04-09,3,FAILED,
a0279814-6ead-426b-b736-d1a4c098d3d1,891499ca-bdd2-450b-9398-4b2e32b51a3d,X,x_3746,275270,False,2025-03-10,2025-07-16,2,PENDING,
7de1c143-fa41-404d-a06f-af6de4f47bcb,a1da098b-9e37-4e0e-8e64-6a0ba378875c,INSTAGRAM,instagram_5240,21096,False,2025-02-14,2025-12-19,1,FAILED,
483f4cc7-b0f5-41ab-b446-065ddef9a8c9,f70d701b-9e96-4003-b4ba-72129cfd06d2,X,x_9260,196805,False,2025-09-22,2025-07-09,1,PENDING,
da3dcf71-efc2-404f-b2ff-e0ea604fbbb4,69e32041-df27-4dce-b879-53a4da5d36cc,YOUTUBE,youtube_3940,488302,False,2025-01-13,2025-07-13,1,FAILED,
2550ce3d-af7e-446f-a8d7-dec4dffa4176,2e277de5-2127-440d-8588-1f784be15387,YOUTUBE,youtube_1745,554706,False,2025-12-16,2025-10-10,2,FAILED,
5c4cd2f3-e241-46f7-8646-1ef5f22dba1b,318e7fee-47db-49bb-8b1f-97aa98594d40,X,x_3097,894942,False,2025-07-29,2025-08-14,1,FAILED,
0bb6f879-a060-4d29-a405-844c274568c3,57025e9b-74a5-4d81-a39c-273c55e8f1aa,YOUTUBE,youtube_3364,438345,False,2025-12-18,2025-05-03,3,FAILED,
9b1c59ed-4bf3-41e3-a924-c39267abde59,79ca39da-810c-4a68-9ada-478b7e1ef90d,INSTAGRAM,instagram_1202,844425,False,2025-08-04,2025-02-01,2,PENDING,
70e7a836-72eb-47a7-b54f-75bd761a4a4d,69e8755e-21f7-4824-b719-0d46503e4bf6,INSTAGRAM,instagram_9407,800570,False,2025-07-15,2025-02-27,2,FAILED,
355988e2-3260-4c1b-a9a1-dff307a05c89,1eecbc7e-d1ba-4019-b756-999255864169,YOUTUBE,youtube_5468,814695,False,2025-01-24,2025-10-21,1,PENDING,
a1c805f9-06e4-4630-b9b0-ddc03141a4cb,eb691caa-16bf-4aa4-ba20-187528a9dc51,YOUTUBE,youtube_8712,138197,False,2025-12-16,2025-10-31,2,FAILED,
fbe38430-1c88-45eb-bafb-3f8fa663b817,6d3913cb-ecea-4883-a9da-0fd19c9cffa5,YOUTUBE,youtube_6565,788493,False,2025-03-18,2025-12-17,3,PENDING,
f022ebbe-b3c8-42bc-a2bc-7e5c62eecb3d,d1141d78-1619-4d55-a553-c52533c77d1f,INSTAGRAM,instagram_7783,554047,False,2025-11-12,2025-05-04,2,PENDING,
a24e913b-7fc5-4498-90f4-09ea7fec724f,81d367df-22fa-4c58-b4e4-42f6c9cba0dc,INSTAGRAM,instagram_7184,762676,False,2025-08-25,2025-08-23,1,PENDING,
e05c3df3-e6fb-47bf-91e4-e23f57eec29b,12cd09ea-4586-4cea-9899-22f681cda48b,YOUTUBE,youtube_4791,198562,False,2025-07-31,2025-12-11,3,PENDING,
3715a6f7-9622-45b1-b699-20a9181f5d60,f2e3861f-4828-44ea-82ea-bbbeb4d91f70,YOUTUBE,youtube_7360,640290,False,2025-11-17,2025-07-03,3,PENDING,
45d59cef-34ab-44d8-b985-e3b4d1668d43,9b25ebe3-702e-421a-9494-aebe06e5e1ab,INSTAGRAM,instagram_6799,733652,False,2025-06-30,2025-09-23,2,PENDING,
78389a52-1c25-4a27-978a-767bb02b1043,9bdcc0cd-52be-42c0-b899-55833e30b4ce,X,x_4569,820579,False,2025-05-04,2025-12-05,1,FAILED,
22daa7ab-4b0b-4d0a-bfc7-d864f5817653,69f44fe9-30c9-4e8f-b5d8-de4247001069,YOUTUBE,youtube_4989,789484,False,2025-08-23,2025-01-16,3,FAILED,
841a73de-7564-4d38-bbfd-3ef8e38fe46e,112c8a54-ba56-4c32-b59d-f9591a028033,X,x_9593,501902,False,2025-01-08,2025-08-27,3,FAILED,
e1c23ee2-73cc-4818-b084-9613b7432a8a,d1d56f63-6ba8-4cac-9b95-f8b6b90056d9,INSTAGRAM,instagram_4966,263088,False,2025-05-08,2025-06-24,3,FAILED,
1e5de51e-d968-45a8-aa66-012ee1a7082c,19b1ede5-db21-4760-9bed-bc9456ab680e,INSTAGRAM,instagram_3121,815499,False,2025-08-11,2025-07-06,3,PENDING,
