user_id,signup_date,region
1,2025-11-09,East
2,2025-01-04,West
3,2025-01-07,North
4,2025-04-06,East
5,2025-02-05,East
6,2025-07-05,West
7,2025-10-29,North
8,2025-10-20,North
9,2025-01-02,East
10,2025-08-29,South
11,2025-10-14,East
12,2025-01-02,East
13,2025-02-26,East
14,2025-05-24,East
15,2025-05-13,West
16,2025-09-05,North
17,2025-05-14,West
18,2025-01-12,West
19,2025-05-16,West
20,2025-07-06,East
21,2025-06-21,South
22,2025-10-15,North
23,2025-03-24,South
24,2025-03-18,West
25,2025-11-03,West
26,2025-12-20,South
27,2025-07-08,South
28,2025-12-16,South
29,2025-08-19,West
30,2025-10-02,West
31,2025-07-07,North
32,2025-03-30,North
33,2025-10-27,West
34,2025-01-19,South
35,2025-07-17,South
36,2025-02-04,North
37,2025-06-12,West
38,2025-07-19,North
39,2025-07-31,North
40,2025-11-08,East
41,2025-04-25,East
42,2025-12-09,East
43,2025-02-01,South
44,2025-08-12,West
45,2025-06-13,West
46,2025-11-12,West
47,2025-11-22,West
48,2025-03-06,East
49,2025-02-14,South
50,2025-10-04,South
51,2025-08-13,East
52,2025-06-26,South
53,2025-10-17,East
54,2025-08-22,West
55,2025-05-20,East
56,2025-06-26,West
57,2025-10-21,West
58,2025-01-18,North
59,2025-10-10,East
60,2025-04-17,North
61,2025-04-27,East
62,2025-06-11,East
63,2025-08-05,North
64,2025-11-01,North
65,2025-02-20,East
66,2025-12-09,South
67,2025-07-05,West
68,2025-06-14,North
69,2025-03-17,West
70,2025-01-01,South
71,2025-01-25,South
72,2025-08-24,South
73,2025-01-22,North
74,2025-11-23,South
75,2025-06-20,North
76,2025-06-04,South
77,2025-09-14,West
78,2025-05-03,West
79,2025-08-05,East
80,2025-02-05,West
81,2025-02-19,East
82,2025-03-17,West
83,2025-09-23,North
84,2025-03-23,West
85,2025-10-07,East
86,2025-06-25,East
87,2025-07-30,South
88,2025-06-17,North
89,2025-09-05,West
90,2025-08-04,South
91,2025-03-12,West
92,2025-08-19,West
93,2025-02-21,South
94,2025-11-24,South
95,2025-09-16,South
96,2025-03-29,South
97,2025-08-04,South
98,2025-12-04,West
99,2025-03-13,South
100,2025-10-23,North
101,2025-09-10,East
102,2025-03-07,South
103,2025-12-22,South
104,2025-11-19,West
105,2025-01-25,South
106,2025-11-19,South
107,2025-06-13,South
108,2025-04-27,West
109,2025-11-27,South
110,2025-08-08,East
111,2025-01-19,West
112,2025-07-31,East
113,2025-06-27,West
114,2025-03-20,South
115,2025-12-04,East
116,2025-02-08,West
117,2025-08-10,North
118,2025-05-22,South
119,2025-09-16,West
120,2025-08-07,North
121,2025-12-09,West
122,2025-06-11,North
123,2025-08-09,South
124,2025-10-08,East
125,2025-06-24,North
126,2025-06-08,West
127,2025-12-25,South
128,2025-06-03,North
129,2025-12-25,West
130,2025-12-25,West
131,2025-09-03,West
132,2025-02-22,North
133,2025-03-15,North
134,2025-01-07,North
135,2025-04-25,East
136,2025-04-09,North
137,2025-02-24,North
138,2025-07-23,North
139,2025-09-29,East
140,2025-02-11,North
141,2025-01-06,West
142,2025-01-06,North
143,2025-09-03,West
144,2025-06-28,West
145,2025-10-31,West
146,2025-06-03,East
147,2025-07-24,East
148,2025-04-01,East
149,2025-06-28,North
150,2025-04-28,West
151,2025-02-10,East
152,2025-01-24,East
153,2025-12-19,North
154,2025-01-18,East
155,2025-02-24,North
156,2025-03-06,South
157,2025-10-23,East
158,2025-05-21,South
159,2025-10-19,North
160,2025-11-13,West
161,2025-03-13,East
162,2025-07-13,North
163,2025-02-26,West
164,2025-10-30,West
165,2025-09-25,South
166,2025-09-16,North
167,2025-12-18,West
168,2025-06-03,East
169,2025-03-21,East
170,2025-08-14,South
171,2025-09-11,West
172,2025-10-06,North
173,2025-06-28,East
174,2025-03-04,West
175,2025-02-01,West
176,2025-01-02,South
177,2025-12-05,East
178,2025-05-13,East
179,2025-11-04,North
180,2025-08-24,East
181,2025-12-28,North
182,2025-10-21,East
183,2025-04-26,South
184,2025-11-16,East
185,2025-12-12,North
186,2025-02-17,North
187,2025-02-02,South
188,2025-05-25,East
189,2025-08-02,East
190,2025-07-29,South
191,2025-11-26,East
192,2025-11-03,East
193,2025-09-24,North
194,2025-01-03,East
195,2025-07-09,East
196,2025-12-12,South
197,2025-12-18,South
198,2025-06-09,West
199,2025-11-05,North
200,2025-08-02,East
201,2025-04-01,East
202,2025-05-08,West
203,2025-01-23,East
204,2025-05-26,North
205,2025-07-15,West
206,2025-01-06,North
207,2025-04-28,West
208,2025-11-28,West
209,2025-09-01,South
210,2025-01-01,North
211,2025-09-27,East
212,2025-10-25,East
213,2025-08-03,North
214,2025-09-06,East
215,2025-06-20,East
216,2025-07-17,North
217,2025-09-22,West
218,2025-12-30,North
219,2025-10-31,West
220,2025-08-20,East
221,2025-07-09,East
222,2025-02-08,East
223,2025-01-25,South
224,2025-04-19,West
225,2025-02-27,South
226,2025-06-22,South
227,2025-07-10,North
228,2025-12-09,South
229,2025-03-05,North
230,2025-12-31,North
231,2025-08-18,South
232,2025-02-02,West
233,2025-12-24,West
234,2025-11-13,West
235,2025-05-06,West
236,2025-01-08,West
237,2025-07-17,South
238,2025-10-04,South
239,2025-08-02,East
240,2025-04-02,West
241,2025-04-30,South
242,2025-05-27,East
243,2025-10-06,West
244,2025-01-18,North
245,2025-11-09,East
246,2025-10-08,South
247,2025-10-14,North
248,2025-05-30,North
249,2025-01-06,North
250,2025-03-17,East
251,2025-05-11,South
252,2025-03-14,North
253,2025-02-13,West
254,2025-12-22,North
255,2025-07-19,North
256,2025-04-11,East
257,2025-07-12,East
258,2025-01-29,South
259,2025-03-09,West
260,2025-02-18,East
261,2025-10-06,North
262,2025-09-30,South
263,2025-12-16,North
264,2025-03-17,North
265,2025-08-03,East
266,2025-01-21,South
267,2025-11-09,West
268,2025-10-24,West
269,2025-03-05,East
270,2025-01-03,East
271,2025-05-31,South
272,2025-07-21,West
273,2025-03-16,West
274,2025-06-04,West
275,2025-11-23,North
276,2025-12-08,West
277,2025-02-25,North
278,2025-04-01,South
279,2025-01-22,North
280,2025-04-17,South
281,2025-04-13,West
282,2025-04-09,West
283,2025-10-15,South
284,2025-07-01,East
285,2026-01-01,South
286,2025-02-04,East
287,2025-10-02,North
288,2025-04-25,North
289,2025-02-07,North
290,2025-07-06,West
291,2025-02-15,North
292,2025-10-17,East
293,2025-03-08,North
294,2025-02-27,South
295,2025-10-23,South
296,2025-12-09,West
297,2025-11-01,South
298,2025-01-04,East
299,2025-03-24,North
300,2025-12-28,West
301,2025-05-04,North
302,2025-04-28,North
303,2025-03-20,East
304,2025-10-22,South
305,2025-10-04,South
306,2025-06-15,North
307,2025-10-29,West
308,2025-01-13,South
309,2025-07-23,West
310,2025-11-05,South
311,2025-10-19,West
312,2025-02-23,East
313,2025-11-04,West
314,2025-01-03,East
315,2025-10-28,East
316,2025-04-13,West
317,2025-06-27,East
318,2025-10-23,North
319,2025-11-06,East
320,2025-06-17,South
321,2025-05-05,West
322,2025-10-31,North
323,2025-07-06,West
324,2025-09-29,South
325,2025-06-11,South
326,2025-08-30,South
327,2025-11-20,East
328,2025-12-18,East
329,2025-08-14,West
330,2025-03-15,West
331,2025-01-04,North
332,2025-05-01,North
333,2025-01-19,West
334,2025-08-26,East
335,2025-05-15,South
336,2025-07-06,West
337,2025-11-29,North
338,2025-06-19,East
339,2025-12-19,West
340,2025-03-01,West
341,2025-05-07,East
342,2025-02-15,West
343,2025-11-16,East
344,2025-08-17,South
345,2025-07-30,East
346,2025-01-04,East
347,2025-07-04,East
348,2025-09-25,West
349,2025-06-30,West
350,2025-05-07,East
351,2025-09-26,West
352,2025-10-11,North
353,2025-05-08,North
354,2025-01-11,West
355,2025-06-25,West
356,2025-02-03,East
357,2025-04-25,South
358,2025-07-27,West
359,2025-04-22,North
360,2025-06-03,East
361,2025-07-25,West
362,2025-06-10,North
363,2025-12-08,North
364,2025-09-05,South
365,2025-08-13,East
366,2025-12-24,East
367,2025-11-29,South
368,2025-07-22,South
369,2025-07-07,East
370,2025-05-27,East
371,2025-12-26,West
372,2025-05-27,West
373,2025-11-10,South
374,2025-07-23,West
375,2025-05-09,North
376,2025-01-01,West
377,2025-07-10,West
378,2025-09-19,North
379,2025-05-08,South
380,2025-02-16,North
381,2025-09-30,West
382,2025-01-01,South
383,2025-06-30,West
384,2025-03-24,North
385,2025-11-20,North
386,2025-04-21,West
387,2025-08-11,East
388,2025-07-30,East
389,2025-01-21,North
390,2025-06-07,North
391,2025-09-04,East
392,2025-07-31,East
393,2025-05-13,West
394,2025-11-15,West
395,2025-02-22,East
396,2025-04-07,West
397,2025-07-13,West
398,2025-09-14,South
399,2025-03-23,West
400,2025-10-27,North
401,2025-10-30,West
402,2025-11-13,West
403,2025-09-03,East
404,2025-02-23,North
405,2025-06-01,West
406,2025-08-15,West
407,2025-03-15,South
408,2025-08-24,West
409,2025-09-27,West
410,2025-11-09,South
411,2025-10-18,East
412,2025-01-21,West
413,2025-03-23,South
414,2025-11-25,North
415,2025-12-11,East
416,2025-01-21,North
417,2025-08-10,North
418,2025-05-19,South
419,2025-08-02,West
420,2025-06-26,South
421,2025-09-10,South
422,2025-01-15,South
423,2025-11-12,South
424,2025-10-26,East
425,2025-10-08,West
426,2025-12-07,North
427,2025-05-27,North
428,2025-11-07,West
429,2025-06-12,North
430,2025-11-08,West
431,2025-08-15,North
432,2025-04-26,South
433,2025-07-12,North
434,2025-09-22,West
435,2025-01-26,West
436,2025-04-26,West
437,2025-10-01,West
438,2025-01-10,West
439,2025-03-22,East
440,2025-04-08,East
441,2025-10-31,North
442,2025-08-15,West
443,2025-05-10,North
444,2025-04-01,West
445,2025-05-29,West
446,2025-10-12,East
447,2025-05-18,East
448,2025-02-14,South
449,2025-08-06,East
450,2025-03-17,South
451,2025-12-07,South
452,2025-09-15,South
453,2025-08-03,South
454,2025-03-12,South
455,2025-07-24,North
456,2025-08-03,East
457,2025-05-16,South
458,2025-01-13,West
459,2025-10-11,East
460,2025-11-29,East
461,2025-08-22,South
462,2025-06-06,North
463,2025-02-08,South
464,2025-01-07,North
465,2025-10-29,West
466,2026-01-01,East
467,2025-10-18,West
468,2025-01-01,North
469,2025-12-16,North
470,2025-10-04,West
471,2025-12-10,North
472,2025-08-22,West
473,2025-11-19,East
474,2025-05-14,West
475,2025-01-20,East
476,2025-01-17,West
477,2025-08-17,North
478,2025-08-28,West
479,2025-04-10,North
480,2025-07-08,West
481,2025-11-28,West
482,2025-02-04,South
483,2025-12-31,North
484,2025-06-06,South
485,2025-04-27,North
486,2025-09-08,South
487,2025-07-21,East
488,2025-01-20,West
489,2025-11-15,North
490,2025-04-30,North
491,2025-07-26,West
492,2025-12-25,North
493,2025-03-07,North
494,2025-10-31,South
495,2025-07-06,North
496,2025-08-19,East
497,2025-03-16,East
498,2025-09-30,West
499,2025-11-01,North
500,2025-01-19,West
501,2025-04-20,East
502,2025-11-24,North
503,2025-08-20,North
504,2025-01-25,West
505,2025-11-15,East
506,2025-02-28,North
507,2025-11-13,West
508,2025-07-15,East
509,2025-04-10,West
510,2025-06-24,South
511,2025-06-30,North
512,2025-03-30,South
513,2025-07-03,East
514,2025-11-29,South
515,2025-08-31,South
516,2025-07-18,East
517,2025-01-25,West
518,2025-05-23,South
519,2025-12-03,West
520,2025-01-21,South
521,2025-12-05,West
522,2025-08-05,East
523,2025-08-05,South
524,2025-11-28,East
525,2025-01-27,South
526,2025-07-15,East
527,2025-05-12,East
528,2025-01-03,South
529,2025-03-12,South
530,2025-01-14,South
531,2025-10-04,North
532,2025-01-14,West
533,2025-01-17,North
534,2025-07-22,North
535,2025-11-02,East
536,2025-02-05,South
537,2025-10-03,West
538,2025-03-30,East
539,2025-09-15,North
540,2025-09-23,South
541,2025-11-17,East
542,2025-07-24,South
543,2025-03-06,East
544,2025-10-08,South
545,2025-08-18,North
546,2025-06-17,West
547,2025-11-26,North
548,2025-06-20,West
549,2025-12-08,South
550,2025-10-18,East
551,2025-11-08,North
552,2025-01-30,West
553,2025-01-28,North
554,2025-04-04,West
555,2025-04-19,North
556,2025-03-10,West
557,2025-05-20,West
558,2025-06-11,South
559,2025-09-02,West
560,2025-05-13,South
561,2025-12-17,West
562,2025-11-21,East
563,2025-10-10,East
564,2025-01-10,East
565,2025-06-26,West
566,2025-10-16,South
567,2025-09-18,South
568,2025-11-17,West
569,2025-10-15,East
570,2025-03-08,East
571,2025-11-18,South
572,2025-11-17,East
573,2025-11-06,North
574,2025-06-28,South
575,2025-06-09,East
576,2025-11-15,South
577,2025-01-16,North
578,2025-10-28,South
579,2025-06-05,South
580,2025-03-30,South
581,2025-09-26,South
582,2025-11-15,North
583,2025-05-05,West
584,2025-12-04,South
585,2025-02-07,South
586,2025-01-21,East
587,2025-08-20,South
588,2025-08-11,East
589,2025-07-02,West
590,2025-11-15,North
591,2025-04-24,North
592,2025-06-14,West
593,2025-04-29,North
594,2025-08-21,West
595,2025-12-19,West
596,2025-12-31,West
597,2025-03-26,North
598,2025-06-14,East
599,2025-04-13,West
600,2025-03-15,South
601,2025-10-10,North
602,2025-06-14,West
603,2025-09-24,West
604,2025-09-11,South
605,2025-01-19,East
606,2025-06-18,East
607,2025-11-25,East
608,2025-09-15,West
609,2025-09-24,West
610,2025-10-04,West
611,2025-09-20,North
612,2025-02-27,South
613,2025-07-16,West
614,2025-12-13,South
615,2025-04-17,South
616,2025-02-03,East
617,2025-05-01,North
618,2025-02-22,West
619,2025-02-14,East
620,2025-03-16,East
621,2025-05-19,West
622,2025-03-13,South
623,2025-01-29,East
624,2025-01-07,South
625,2025-10-23,North
626,2025-05-07,South
627,2025-10-09,North
628,2025-02-15,South
629,2025-03-26,East
630,2025-12-13,East
631,2025-10-31,North
632,2025-08-17,West
633,2025-05-26,North
634,2025-12-29,North
635,2025-03-13,South
636,2025-08-11,South
637,2025-08-29,North
638,2025-12-13,East
639,2025-07-11,South
640,2025-04-23,West
641,2025-03-17,South
642,2025-11-28,South
643,2025-10-04,West
644,2025-02-24,North
645,2025-07-09,West
646,2025-02-22,North
647,2025-08-23,North
648,2025-04-03,North
649,2025-10-25,West
650,2025-06-04,North
651,2025-11-14,East
652,2025-04-05,West
653,2025-12-25,East
654,2025-07-17,North
655,2025-08-03,South
656,2025-12-20,North
657,2025-03-01,East
658,2025-01-14,East
659,2025-03-04,West
660,2025-01-08,South
661,2025-05-07,West
662,2025-01-05,East
663,2025-07-29,North
664,2025-08-31,South
665,2025-03-19,North
666,2025-07-16,North
667,2025-12-03,South
668,2025-02-16,West
669,2025-12-01,North
670,2025-10-23,East
671,2025-02-16,North
672,2025-07-09,South
673,2025-10-24,South
674,2025-07-07,South
675,2025-09-30,West
676,2025-11-06,North
677,2025-05-23,West
678,2025-11-04,West
679,2025-07-07,South
680,2025-09-11,South
681,2025-05-12,West
682,2025-07-16,North
683,2025-10-07,East
684,2025-11-02,West
685,2025-03-06,North
686,2025-06-18,South
687,2025-02-10,South
688,2025-12-25,North
689,2025-08-18,East
690,2025-08-10,South
691,2025-05-17,South
692,2025-02-09,South
693,2025-09-08,North
694,2025-09-19,West
695,2025-11-14,South
696,2025-05-18,West
697,2025-06-20,East
698,2025-01-09,South
699,2025-01-14,South
700,2025-05-29,East
701,2025-07-05,South
702,2025-04-24,West
703,2025-08-10,North
704,2025-02-07,West
705,2025-02-18,North
706,2025-01-05,North
707,2025-05-21,West
708,2025-07-04,West
709,2025-05-28,West
710,2025-11-15,West
711,2025-08-04,East
712,2025-06-23,South
713,2025-02-11,North
714,2025-04-22,West
715,2025-12-27,West
716,2025-03-22,West
717,2025-09-07,East
718,2025-02-23,West
719,2025-12-02,West
720,2025-04-13,West
721,2025-04-23,South
722,2025-09-12,East
723,2025-11-21,West
724,2025-07-30,North
725,2025-10-02,North
726,2025-03-06,North
727,2025-03-04,East
728,2025-12-26,East
729,2025-10-09,North
730,2025-06-11,West
731,2025-09-09,East
732,2025-03-01,North
733,2025-07-11,North
734,2025-07-22,West
735,2025-03-01,South
736,2025-11-04,East
737,2025-06-13,West
738,2025-11-06,North
739,2025-02-09,North
740,2025-10-23,West
741,2025-04-08,East
742,2025-12-22,South
743,2025-08-28,South
744,2025-03-03,North
745,2025-07-19,East
746,2025-12-08,South
747,2025-01-19,East
748,2025-08-09,East
749,2025-07-07,North
750,2025-02-19,South
751,2025-09-02,West
752,2025-04-09,North
753,2025-06-27,South
754,2025-08-16,South
755,2025-12-31,South
756,2025-01-19,South
757,2025-05-23,South
758,2025-05-03,East
759,2025-12-21,North
760,2025-09-29,East
761,2025-05-18,West
762,2025-06-28,South
763,2025-05-18,North
764,2025-07-05,South
765,2025-05-03,North
766,2025-12-08,East
767,2025-08-31,North
768,2025-05-26,West
769,2025-09-08,West
770,2025-06-03,North
771,2025-09-23,North
772,2025-02-02,North
773,2025-11-18,North
774,2025-08-21,West
775,2025-10-29,South
776,2025-11-19,North
777,2025-06-28,North
778,2025-11-28,West
779,2025-04-27,West
780,2025-04-06,East
781,2025-04-09,North
782,2025-07-20,East
783,2025-07-16,West
784,2025-03-20,West
785,2025-02-12,South
786,2025-05-26,North
787,2025-04-04,East
788,2025-05-21,West
789,2025-03-04,West
790,2025-05-16,East
791,2025-01-06,South
792,2025-09-13,West
793,2025-06-27,North
794,2025-01-17,West
795,2025-09-23,North
796,2025-04-23,East
797,2025-10-24,North
798,2025-04-07,East
799,2025-08-10,North
800,2025-09-18,East
801,2025-08-09,North
802,2025-06-30,South
803,2025-05-11,North
804,2025-07-10,North
805,2025-12-31,South
806,2025-05-03,West
807,2025-04-29,West
808,2025-04-07,North
809,2025-09-25,South
810,2025-03-12,North
811,2025-03-10,East
812,2025-02-08,East
813,2025-09-15,North
814,2025-11-09,West
815,2025-12-17,West
816,2025-03-28,North
817,2025-05-11,North
818,2025-11-05,East
819,2025-11-19,West
820,2025-10-06,North
821,2025-09-08,East
822,2025-12-24,West
823,2025-08-26,South
824,2025-06-06,East
825,2025-08-17,West
826,2025-06-22,West
827,2025-09-14,East
828,2025-11-24,South
829,2025-09-26,East
830,2025-01-24,West
831,2025-02-21,North
832,2025-12-16,North
833,2025-01-24,East
834,2025-10-16,West
835,2025-03-09,North
836,2025-06-25,West
837,2025-09-09,East
838,2025-01-26,North
839,2025-10-15,West
840,2025-02-20,North
841,2025-09-14,East
842,2025-07-12,West
843,2025-07-29,North
844,2025-07-23,East
845,2025-01-29,North
846,2025-12-07,North
847,2025-10-06,South
848,2025-10-23,South
849,2025-01-30,East
850,2025-11-01,South
851,2025-07-08,East
852,2025-01-18,South
853,2025-02-04,North
854,2025-09-06,East
855,2025-02-15,East
856,2025-06-23,North
857,2025-10-30,East
858,2025-06-01,East
859,2025-10-10,South
860,2025-03-21,East
861,2025-10-22,West
862,2025-03-22,North
863,2025-10-17,South
864,2025-10-14,South
865,2025-10-13,West
866,2025-05-06,North
867,2025-02-05,North
868,2025-01-27,South
869,2025-10-15,East
870,2025-04-03,South
871,2025-01-18,North
872,2025-05-17,West
873,2025-01-07,South
874,2025-04-18,North
875,2025-04-10,South
876,2025-10-21,East
877,2025-11-15,South
878,2025-08-18,South
879,2025-03-20,North
880,2025-07-06,North
881,2025-03-17,North
882,2025-08-25,South
883,2025-01-06,East
884,2025-04-04,West
885,2025-01-04,West
886,2025-02-11,North
887,2025-08-07,North
888,2025-06-13,South
889,2025-03-31,West
890,2025-08-15,North
891,2025-03-02,East
892,2025-05-17,East
893,2025-04-13,North
894,2025-05-13,North
895,2025-10-22,West
896,2025-01-19,West
897,2025-02-19,South
898,2025-07-01,West
899,2025-04-16,East
900,2025-12-20,East
901,2025-02-09,North
902,2025-05-17,West
903,2025-09-02,South
904,2025-11-07,East
905,2025-08-30,East
906,2025-09-23,South
907,2025-06-13,South
908,2025-05-19,East
909,2025-03-09,East
910,2025-07-16,South
911,2025-12-31,East
912,2025-01-31,North
913,2025-11-26,North
914,2025-04-01,South
915,2025-09-05,West
916,2025-08-09,South
917,2025-03-16,South
918,2025-01-13,West
919,2025-07-27,West
920,2025-05-02,West
921,2025-12-13,North
922,2025-06-19,East
923,2025-01-06,North
924,2025-05-02,East
925,2025-09-28,North
926,2025-12-31,East
927,2025-07-16,North
928,2025-07-12,West
929,2025-07-08,South
930,2025-03-21,North
931,2025-02-23,East
932,2025-11-20,West
933,2025-09-23,North
934,2025-09-25,North
935,2025-07-15,West
936,2025-10-07,North
937,2025-05-10,South
938,2025-02-11,North
939,2025-04-23,South
940,2025-01-20,South
941,2025-06-27,West
942,2025-07-26,North
943,2025-03-18,West
944,2025-11-15,North
945,2025-04-26,North
946,2025-09-09,East
947,2025-01-02,North
948,2025-06-30,West
949,2025-05-28,South
950,2025-05-09,North
951,2025-10-07,East
952,2025-07-13,West
953,2025-12-02,North
954,2025-11-19,West
955,2025-05-17,East
956,2025-04-25,East
957,2025-03-29,West
958,2025-07-18,North
959,2025-03-27,South
960,2025-09-18,East
961,2025-03-03,North
962,2025-11-09,North
963,2025-03-03,South
964,2025-11-07,East
965,2025-05-21,East
966,2025-01-14,North
967,2025-07-11,North
968,2025-11-20,South
969,2025-12-22,South
970,2025-09-05,East
971,2025-06-16,West
972,2025-12-30,East
973,2025-04-08,North
974,2025-12-21,East
975,2025-06-23,West
976,2025-01-01,South
977,2025-07-05,West
978,2025-04-08,West
979,2025-03-05,West
980,2025-07-31,South
981,2025-08-19,West
982,2025-10-16,West
983,2025-09-01,West
984,2025-01-27,North
985,2025-10-10,West
986,2025-05-15,South
987,2025-04-12,West
988,2025-10-14,West
989,2025-01-25,South
990,2025-07-05,West
991,2025-11-30,South
992,2025-02-24,West
993,2025-06-15,South
994,2025-12-22,West
995,2025-05-13,West
996,2025-07-09,North
997,2025-02-08,North
998,2025-01-18,West
999,2025-08-21,West
1000,2025-07-15,East
1001,2025-04-12,South
1002,2025-12-25,East
1003,2025-03-10,North
1004,2025-11-11,North
1005,2025-10-01,North
1006,2025-11-25,North
1007,2025-08-02,West
1008,2025-01-21,North
1009,2025-07-24,West
1010,2025-05-07,West
1011,2025-02-12,North
1012,2025-01-11,North
1013,2025-05-28,South
1014,2025-09-18,East
1015,2025-11-13,North
1016,2025-12-22,South
1017,2025-09-18,South
1018,2025-11-26,East
1019,2025-08-27,West
1020,2025-05-27,North
1021,2025-09-12,East
1022,2025-09-03,North
1023,2025-10-29,South
1024,2025-11-02,South
1025,2025-12-24,West
1026,2025-12-02,South
1027,2025-11-05,South
1028,2025-09-05,East
1029,2025-02-24,North
1030,2025-11-14,North
1031,2025-08-04,East
1032,2025-11-09,West
1033,2025-05-18,North
1034,2025-05-02,South
1035,2025-01-15,North
1036,2025-11-17,South
1037,2025-01-11,West
1038,2025-08-07,East
1039,2025-06-27,North
1040,2025-05-04,East
1041,2025-07-15,North
1042,2025-09-20,South
1043,2025-11-18,East
1044,2025-04-30,North
1045,2025-03-06,South
1046,2025-11-19,East
1047,2025-09-16,East
1048,2025-02-24,North
1049,2025-04-19,North
1050,2025-10-13,North
1051,2025-04-13,South
1052,2025-11-13,North
1053,2025-11-02,East
1054,2025-06-29,East
1055,2025-01-06,North
1056,2025-08-14,North
1057,2025-09-09,West
1058,2025-04-10,East
1059,2025-12-13,South
1060,2025-06-03,West
1061,2025-06-05,North
1062,2025-07-18,North
1063,2025-02-22,East
1064,2025-12-01,North
1065,2025-11-21,South
1066,2025-04-29,East
1067,2025-08-29,North
1068,2025-04-04,East
1069,2025-12-05,North
1070,2025-12-16,North
1071,2025-01-08,North
1072,2025-03-21,South
1073,2025-03-28,South
1074,2025-06-05,East
1075,2025-04-05,North
1076,2025-10-30,North
1077,2025-09-17,South
1078,2025-08-24,North
1079,2025-10-25,South
1080,2025-08-04,North
1081,2025-02-18,East
1082,2025-02-12,North
1083,2025-04-30,North
1084,2025-06-06,West
1085,2025-06-29,South
1086,2025-04-14,North
1087,2025-09-30,North
1088,2025-03-24,West
1089,2025-04-11,West
1090,2025-01-30,South
1091,2025-04-11,West
1092,2025-10-05,East
1093,2025-12-20,West
1094,2025-09-24,East
1095,2025-03-23,South
1096,2025-07-24,South
1097,2025-12-05,South
1098,2025-12-10,South
1099,2025-03-10,South
1100,2025-01-04,East
1101,2025-02-14,East
1102,2025-01-21,South
1103,2025-02-14,West
1104,2025-10-01,North
1105,2025-11-26,South
1106,2025-01-08,West
1107,2025-08-05,North
1108,2025-03-27,South
1109,2025-09-17,South
1110,2025-02-20,East
1111,2025-02-11,North
1112,2025-05-15,North
1113,2025-08-03,West
1114,2025-04-17,East
1115,2025-10-07,East
1116,2025-05-15,East
1117,2025-07-07,East
1118,2025-09-04,North
1119,2025-04-19,North
1120,2025-07-02,South
1121,2025-06-20,South
1122,2025-08-27,East
1123,2025-01-15,East
1124,2025-12-30,East
1125,2025-02-26,South
1126,2025-05-23,West
1127,2025-11-15,West
1128,2025-12-17,South
1129,2025-01-09,South
1130,2025-10-11,South
1131,2025-03-23,South
1132,2025-02-10,South
1133,2025-11-17,South
1134,2025-04-24,East
1135,2025-01-22,East
1136,2025-03-17,East
1137,2025-11-25,East
1138,2025-04-18,South
1139,2025-09-08,West
1140,2025-04-08,North
1141,2025-01-22,South
1142,2025-06-29,North
1143,2025-10-18,West
1144,2025-10-22,East
1145,2025-07-20,West
1146,2025-08-12,South
1147,2025-09-17,East
1148,2025-10-10,South
1149,2025-10-15,East
1150,2025-06-12,North
1151,2025-08-04,North
1152,2025-06-26,North
1153,2025-09-24,West
1154,2025-10-26,South
1155,2025-12-07,West
1156,2025-07-24,North
1157,2025-03-10,South
1158,2025-11-01,North
1159,2025-11-18,West
1160,2025-08-18,West
1161,2025-12-18,West
1162,2025-02-07,North
1163,2025-10-13,South
1164,2025-02-19,South
1165,2025-02-08,North
1166,2025-10-19,South
1167,2025-11-18,North
1168,2025-09-02,South
1169,2025-08-19,East
1170,2025-02-26,East
1171,2025-05-08,West
1172,2025-06-06,East
1173,2025-06-17,East
1174,2025-09-22,East
1175,2025-11-22,North
1176,2025-01-04,East
1177,2025-04-05,East
1178,2025-12-24,West
1179,2025-01-19,East
1180,2025-04-20,East
1181,2025-09-03,South
1182,2025-09-05,West
1183,2025-01-08,West
1184,2025-10-29,West
1185,2025-10-03,West
1186,2025-06-04,West
1187,2025-06-23,West
1188,2025-01-11,North
1189,2025-10-03,East
1190,2025-07-14,West
1191,2025-08-21,East
1192,2025-01-02,East
1193,2025-10-26,North
1194,2025-07-15,West
1195,2025-05-13,South
1196,2025-09-06,North
1197,2025-04-10,South
1198,2025-11-13,East
1199,2025-09-30,East
1200,2025-01-02,North
1201,2025-06-15,North
1202,2025-06-02,South
1203,2025-09-22,West
1204,2025-07-30,South
1205,2025-10-20,North
1206,2025-01-24,South
1207,2025-09-03,North
1208,2025-01-03,South
1209,2025-08-08,North
1210,2025-10-16,North
1211,2025-06-19,North
1212,2025-11-20,West
1213,2025-01-25,South
1214,2025-01-18,South
1215,2025-09-05,South
1216,2025-09-28,North
1217,2025-07-10,South
1218,2025-04-11,South
1219,2025-02-08,North
1220,2025-02-15,East
1221,2025-04-05,North
1222,2025-04-19,South
1223,2025-03-15,North
1224,2025-08-28,East
1225,2025-12-10,North
1226,2025-12-29,South
1227,2025-06-29,East
1228,2025-12-27,West
1229,2025-08-24,South
1230,2025-03-07,East
1231,2025-10-23,East
1232,2025-01-31,West
1233,2025-07-18,North
1234,2026-01-01,North
1235,2025-04-26,South
1236,2025-08-01,West
1237,2025-02-16,North
1238,2025-04-09,West
1239,2025-11-19,North
1240,2025-04-11,East
1241,2025-04-01,North
1242,2025-10-25,West
1243,2025-10-07,East
1244,2025-11-27,East
1245,2025-10-28,East
1246,2025-06-12,West
1247,2025-02-12,South
1248,2025-03-10,South
1249,2025-08-15,South
1250,2025-09-09,West
1251,2025-07-24,East
1252,2025-01-05,South
1253,2025-09-24,West
1254,2025-06-09,South
1255,2025-03-12,North
1256,2025-05-07,South
1257,2025-05-03,South
1258,2025-03-03,East
1259,2025-12-05,West
1260,2025-03-08,East
1261,2025-01-23,East
1262,2025-06-22,East
1263,2025-07-31,East
1264,2025-03-09,East
1265,2025-12-22,South
1266,2025-07-05,East
1267,2025-01-31,East
1268,2025-11-30,West
1269,2025-07-01,North
1270,2025-02-12,South
1271,2025-03-08,South
1272,2025-11-09,South
1273,2025-10-03,East
1274,2025-02-17,East
1275,2025-02-24,East
1276,2025-10-07,West
1277,2025-04-13,North
1278,2025-05-06,East
1279,2025-04-24,North
1280,2025-01-17,West
1281,2025-08-22,South
1282,2025-10-19,East
1283,2025-03-23,North
1284,2025-10-26,North
1285,2025-12-21,East
1286,2025-02-21,South
1287,2025-04-23,South
1288,2025-03-27,South
1289,2025-09-09,West
1290,2025-01-25,North
1291,2025-02-21,North
1292,2025-11-25,North
1293,2025-09-23,West
1294,2025-08-11,North
1295,2025-06-24,West
1296,2025-11-13,South
1297,2025-10-17,East
1298,2025-08-05,North
1299,2025-09-02,North
1300,2025-08-05,South
1301,2025-03-19,East
1302,2025-10-16,West
1303,2025-12-29,East
1304,2025-02-28,South
1305,2025-03-09,South
1306,2025-03-09,East
1307,2025-11-22,West
1308,2025-03-29,West
1309,2025-01-02,North
1310,2025-06-28,West
1311,2025-03-22,East
1312,2025-12-27,South
1313,2025-09-24,North
1314,2025-12-19,North
1315,2025-03-27,South
1316,2025-09-10,West
1317,2025-05-24,South
1318,2025-04-10,West
1319,2025-11-12,South
1320,2025-10-06,East
1321,2025-05-09,West
1322,2025-04-08,East
1323,2025-03-25,North
1324,2025-06-13,South
1325,2025-02-03,North
1326,2025-12-18,North
1327,2025-07-18,North
1328,2025-11-14,North
1329,2025-11-07,South
1330,2025-11-03,North
1331,2025-08-25,South
1332,2025-04-26,South
1333,2025-11-03,East
1334,2025-02-23,West
1335,2025-01-13,West
1336,2025-05-29,South
1337,2025-12-18,East
1338,2025-05-26,South
1339,2025-03-03,South
1340,2025-03-30,South
1341,2025-11-01,East
1342,2025-11-12,West
1343,2025-02-10,East
1344,2025-02-02,North
1345,2025-01-02,East
1346,2025-05-20,East
1347,2025-06-02,East
1348,2025-02-02,East
1349,2025-10-27,West
1350,2025-07-14,North
1351,2025-06-05,West
1352,2025-07-12,West
1353,2025-01-12,East
1354,2025-12-21,South
1355,2025-03-16,South
1356,2025-09-01,West
1357,2025-10-08,West
1358,2025-10-12,East
1359,2025-12-19,West
1360,2025-05-12,East
1361,2025-03-27,South
1362,2025-02-10,South
1363,2025-09-18,North
1364,2025-01-21,South
1365,2025-03-18,West
1366,2025-04-19,South
1367,2025-11-11,East
1368,2025-11-26,South
1369,2025-02-19,North
1370,2025-03-20,South
1371,2025-05-30,East
1372,2025-11-11,East
1373,2025-01-30,West
1374,2025-08-26,South
1375,2025-07-25,East
1376,2025-06-24,North
1377,2025-12-06,West
1378,2025-02-05,North
1379,2025-03-13,South
1380,2025-10-07,South
1381,2025-05-21,South
1382,2025-12-28,West
1383,2025-06-14,East
1384,2025-08-15,West
1385,2025-02-25,North
1386,2025-01-11,West
1387,2025-04-29,North
1388,2025-08-31,West
1389,2025-02-16,East
1390,2025-12-30,North
1391,2025-05-28,South
1392,2025-10-27,South
1393,2025-01-29,West
1394,2025-06-08,South
1395,2025-08-30,North
1396,2025-07-08,South
1397,2025-02-06,East
1398,2025-10-12,East
1399,2025-04-11,West
1400,2025-09-13,North
1401,2025-03-02,East
1402,2025-12-27,East
1403,2025-02-11,North
1404,2025-06-14,South
1405,2025-04-08,South
1406,2025-09-09,West
1407,2025-04-24,South
1408,2025-07-04,North
1409,2025-12-14,East
1410,2025-04-13,South
1411,2025-06-23,West
1412,2025-09-07,South
1413,2025-11-29,North
1414,2025-06-02,West
1415,2025-01-11,South
1416,2025-10-14,West
1417,2025-05-16,North
1418,2025-04-10,East
1419,2025-08-27,North
1420,2025-05-13,North
1421,2025-06-21,North
1422,2025-04-02,North
1423,2025-06-06,East
1424,2025-05-05,East
1425,2025-12-11,West
1426,2025-10-17,South
1427,2025-04-02,East
1428,2025-02-16,East
1429,2025-03-24,South
1430,2025-01-12,East
1431,2025-02-07,North
1432,2025-05-05,North
1433,2025-09-19,South
1434,2025-07-31,West
1435,2025-06-18,West
1436,2025-06-25,South
1437,2025-12-20,South
1438,2025-11-12,North
1439,2025-02-10,West
1440,2025-08-11,East
1441,2025-02-27,North
1442,2025-02-18,South
1443,2025-05-27,West
1444,2025-12-19,East
1445,2025-06-26,East
1446,2025-05-12,North
1447,2025-11-17,West
1448,2025-10-31,West
1449,2025-02-20,South
1450,2025-04-25,West
1451,2025-02-26,West
1452,2025-05-22,North
1453,2025-03-08,West
1454,2025-10-11,East
1455,2025-01-08,North
1456,2025-04-25,North
1457,2025-08-26,South
1458,2025-09-06,West
1459,2025-12-03,South
1460,2025-09-03,East
1461,2025-04-02,North
1462,2025-07-04,North
1463,2025-12-23,North
1464,2025-03-26,East
1465,2025-10-19,East
1466,2025-12-17,South
1467,2025-01-01,South
1468,2025-08-14,South
1469,2025-12-18,West
1470,2025-11-26,North
1471,2025-05-31,North
1472,2025-11-04,South
1473,2025-12-06,North
1474,2025-09-15,South
1475,2025-12-19,West
1476,2025-09-16,West
1477,2025-01-14,East
1478,2025-04-09,West
1479,2025-08-24,South
1480,2025-10-10,West
1481,2025-05-17,East
1482,2025-09-30,North
1483,2025-09-03,South
1484,2025-06-20,North
1485,2025-10-07,East
1486,2025-08-16,East
1487,2025-05-01,East
1488,2025-10-30,North
1489,2025-08-29,North
1490,2025-11-19,North
1491,2025-02-08,North
1492,2025-03-02,East
1493,2025-06-19,East
1494,2025-05-22,South
1495,2025-12-24,South
1496,2025-04-22,North
1497,2025-03-12,West
1498,2025-03-27,West
1499,2025-09-12,East
1500,2025-03-27,East
1501,2025-12-03,East
1502,2025-11-18,South
1503,2025-03-21,South
1504,2025-05-01,East
1505,2025-05-12,East
1506,2025-10-05,East
1507,2025-12-13,West
1508,2025-02-08,South
1509,2025-06-15,West
1510,2025-10-21,West
1511,2025-11-28,East
1512,2025-03-19,East
1513,2025-12-29,North
1514,2025-04-11,North
1515,2025-11-01,West
1516,2025-10-16,South
1517,2025-05-17,East
1518,2025-01-20,East
1519,2025-11-16,West
1520,2025-06-17,North
1521,2025-11-26,South
1522,2025-07-24,North
1523,2025-12-03,North
1524,2025-04-30,North
1525,2025-04-09,North
1526,2025-08-13,East
1527,2025-07-25,East
1528,2025-02-12,North
1529,2025-01-01,South
1530,2025-03-28,West
1531,2025-03-24,South
1532,2025-11-28,South
1533,2025-08-01,South
1534,2025-03-09,North
1535,2025-10-03,East
1536,2025-02-05,South
1537,2025-01-18,North
1538,2025-03-18,South
1539,2025-11-16,South
1540,2025-10-11,North
1541,2025-09-07,East
1542,2025-05-01,East
1543,2025-12-12,West
1544,2025-01-06,North
1545,2025-10-02,West
1546,2025-09-24,West
1547,2025-11-15,West
1548,2025-10-17,East
1549,2025-01-23,North
1550,2025-04-11,West
1551,2025-05-22,North
1552,2025-09-30,North
1553,2025-07-20,East
1554,2025-08-01,West
1555,2025-08-01,West
1556,2025-07-19,North
1557,2025-12-14,South
1558,2025-10-11,East
1559,2025-12-18,East
1560,2025-06-29,East
1561,2025-12-14,East
1562,2025-03-19,West
1563,2025-01-27,West
1564,2025-08-02,South
1565,2025-05-27,East
1566,2025-06-30,East
1567,2025-05-10,North
1568,2025-09-15,West
1569,2025-06-05,East
1570,2025-04-06,South
1571,2025-08-25,South
1572,2025-01-01,West
1573,2025-12-03,South
1574,2025-12-29,South
1575,2025-01-03,West
1576,2025-09-20,East
1577,2025-01-20,East
1578,2025-07-27,South
1579,2025-11-18,South
1580,2025-04-05,East
1581,2025-06-28,West
1582,2025-06-30,South
1583,2025-06-30,North
1584,2025-10-14,West
1585,2025-11-02,South
1586,2025-12-28,South
1587,2025-06-20,North
1588,2025-03-19,North
1589,2025-04-02,East
1590,2025-06-21,West
1591,2025-01-06,West
1592,2025-11-10,East
1593,2025-11-06,West
1594,2025-10-14,West
1595,2025-05-06,West
1596,2025-01-15,West
1597,2025-09-28,West
1598,2025-02-27,North
1599,2025-02-25,West
1600,2025-03-26,North
1601,2025-09-15,West
1602,2025-10-11,East
1603,2025-03-17,South
1604,2025-02-05,North
1605,2025-01-03,West
1606,2025-04-26,East
1607,2025-10-05,South
1608,2025-11-05,North
1609,2025-10-11,South
1610,2025-12-29,East
1611,2025-12-25,North
1612,2025-10-18,South
1613,2025-04-12,West
1614,2025-03-29,North
1615,2025-06-25,South
1616,2025-06-08,East
1617,2025-11-19,East
1618,2025-05-31,North
1619,2025-04-24,South
1620,2025-06-18,North
1621,2025-06-24,North
1622,2025-06-18,South
1623,2025-08-02,South
1624,2025-04-01,West
1625,2025-06-09,South
1626,2025-03-05,East
1627,2025-12-21,North
1628,2025-03-22,North
1629,2025-01-03,East
1630,2025-08-30,South
1631,2025-01-26,East
1632,2025-04-29,East
1633,2025-11-12,West
1634,2025-10-27,East
1635,2025-03-17,North
1636,2025-12-06,East
1637,2025-01-05,North
1638,2025-03-27,North
1639,2025-03-05,North
1640,2025-01-13,South
1641,2025-11-08,West
1642,2025-12-17,North
1643,2025-09-06,North
1644,2025-09-08,South
1645,2025-10-11,North
1646,2025-01-25,East
1647,2025-11-30,East
1648,2025-07-16,West
1649,2025-10-10,North
1650,2025-06-19,South
1651,2025-04-16,East
1652,2025-03-05,South
1653,2025-12-16,South
1654,2025-03-27,East
1655,2025-04-29,South
1656,2025-01-08,East
1657,2025-08-05,South
1658,2025-06-14,East
1659,2025-08-21,North
1660,2025-06-27,West
1661,2025-03-18,East
1662,2025-04-17,East
1663,2025-11-25,West
1664,2025-10-01,East
1665,2025-03-01,East
1666,2025-04-11,South
1667,2025-03-10,West
1668,2025-12-01,North
1669,2025-04-21,East
1670,2025-08-15,West
1671,2025-09-13,South
1672,2025-10-31,North
1673,2025-03-14,West
1674,2025-09-09,North
1675,2025-05-25,North
1676,2025-07-19,North
1677,2025-05-17,East
1678,2025-05-06,East
1679,2025-06-12,South
1680,2025-07-28,South
1681,2025-02-15,West
1682,2025-07-28,South
1683,2025-01-31,North
1684,2025-04-19,North
1685,2025-07-22,East
1686,2025-02-10,North
1687,2025-07-28,West
1688,2025-03-11,North
1689,2025-08-12,North
1690,2025-08-21,West
1691,2025-04-10,South
1692,2025-11-05,South
1693,2025-04-29,West
1694,2025-10-27,East
1695,2025-08-08,North
1696,2025-02-26,West
1697,2025-04-22,North
1698,2025-06-04,East
1699,2025-09-18,North
1700,2025-08-02,West
1701,2025-09-30,North
1702,2025-05-13,South
1703,2025-07-05,East
1704,2025-01-18,East
1705,2025-01-14,East
1706,2025-12-21,West
1707,2025-03-09,East
1708,2025-12-22,South
1709,2025-03-03,West
1710,2025-03-18,South
1711,2025-09-28,North
1712,2025-07-30,North
1713,2025-08-18,North
1714,2025-08-06,North
1715,2025-10-09,South
1716,2025-06-23,West
1717,2025-04-28,West
1718,2025-03-24,East
1719,2025-11-14,South
1720,2025-08-23,North
1721,2025-12-06,South
1722,2026-01-01,East
1723,2025-08-30,East
1724,2025-02-11,South
1725,2025-07-27,South
1726,2025-06-03,South
1727,2025-09-14,West
1728,2025-10-27,North
1729,2025-10-10,South
1730,2025-12-05,South
1731,2025-01-31,South
1732,2025-11-22,East
1733,2025-07-31,East
1734,2025-11-15,West
1735,2025-03-27,North
1736,2025-03-08,West
1737,2025-10-03,North
1738,2025-10-08,East
1739,2025-06-21,East
1740,2025-05-07,East
1741,2025-06-15,West
1742,2025-08-04,South
1743,2025-12-22,South
1744,2025-09-02,East
1745,2025-03-14,South
1746,2025-02-27,South
1747,2025-09-11,West
1748,2025-09-22,North
1749,2025-08-27,East
1750,2025-04-05,East
1751,2025-05-08,West
1752,2025-06-02,West
1753,2025-03-12,South
1754,2025-08-01,East
1755,2025-03-02,North
1756,2025-03-11,West
1757,2025-11-05,North
1758,2025-07-11,North
1759,2025-06-13,East
1760,2025-07-21,East
1761,2025-02-04,West
1762,2025-12-19,East
1763,2025-05-29,East
1764,2025-04-28,East
1765,2025-08-04,North
1766,2025-08-14,West
1767,2025-04-28,South
1768,2025-08-23,North
1769,2025-09-26,East
1770,2025-12-22,North
1771,2025-03-25,East
1772,2025-06-27,East
1773,2025-07-13,North
1774,2025-12-23,West
1775,2025-09-23,East
1776,2025-08-19,West
1777,2025-08-26,South
1778,2025-06-28,East
1779,2025-09-27,West
1780,2025-02-20,West
1781,2025-08-17,South
1782,2025-03-18,West
1783,2025-04-15,West
1784,2025-10-11,South
1785,2025-02-14,East
1786,2025-12-03,West
1787,2025-11-28,West
1788,2025-04-23,West
1789,2025-05-25,North
1790,2025-02-21,South
1791,2025-11-06,North
1792,2025-11-11,South
1793,2025-05-09,East
1794,2025-01-31,East
1795,2025-06-20,West
1796,2025-03-15,South
1797,2025-03-12,East
1798,2025-07-25,South
1799,2025-12-01,East
1800,2025-05-14,North
1801,2025-11-22,East
1802,2025-09-18,North
1803,2025-10-16,East
1804,2025-06-09,West
1805,2025-04-25,North
1806,2025-11-09,East
1807,2025-02-24,West
1808,2025-02-09,North
1809,2025-05-09,West
1810,2025-10-19,South
1811,2025-04-19,South
1812,2025-08-29,North
1813,2025-07-07,East
1814,2025-05-21,North
1815,2025-12-25,West
1816,2025-08-18,East
1817,2025-12-31,South
1818,2025-10-30,East
1819,2025-04-21,South
1820,2025-11-10,East
1821,2025-03-01,East
1822,2025-08-03,East
1823,2025-07-01,West
1824,2025-10-30,West
1825,2025-11-13,North
1826,2025-03-11,North
1827,2025-12-10,South
1828,2025-02-06,West
1829,2025-04-21,South
1830,2025-04-18,North
1831,2025-06-30,South
1832,2025-04-25,North
1833,2025-04-03,West
1834,2025-05-23,East
1835,2025-07-29,West
1836,2025-07-29,South
1837,2025-07-22,South
1838,2025-04-09,West
1839,2025-10-08,West
1840,2025-09-19,North
1841,2025-12-07,South
1842,2025-06-30,South
1843,2025-12-13,West
1844,2025-10-18,East
1845,2025-05-21,South
1846,2025-07-19,East
1847,2025-11-30,West
1848,2025-03-14,West
1849,2026-01-01,North
1850,2025-09-22,South
1851,2025-05-05,East
1852,2025-05-09,North
1853,2025-08-22,South
1854,2025-08-11,North
1855,2025-03-01,West
1856,2025-01-26,South
1857,2025-10-02,North
1858,2025-02-26,North
1859,2025-08-04,East
1860,2025-09-30,North
1861,2025-03-31,South
1862,2025-01-26,South
1863,2025-03-05,East
1864,2025-09-15,South
1865,2025-08-20,West
1866,2025-07-02,South
1867,2025-03-27,South
1868,2025-05-13,North
1869,2025-12-24,North
1870,2025-03-08,South
1871,2025-01-07,East
1872,2025-02-19,North
1873,2025-01-10,East
1874,2025-06-19,South
1875,2025-04-06,South
1876,2025-12-28,West
1877,2025-05-23,North
1878,2025-05-28,South
1879,2025-03-26,West
1880,2025-01-06,North
1881,2025-04-24,South
1882,2025-10-28,South
1883,2025-01-23,North
1884,2025-05-09,North
1885,2025-08-05,North
1886,2025-07-18,South
1887,2025-04-18,South
1888,2025-03-20,West
1889,2025-04-12,East
1890,2025-05-14,North
1891,2025-11-07,South
1892,2025-11-29,South
1893,2025-11-21,North
1894,2025-09-15,East
1895,2025-05-30,North
1896,2025-06-13,East
1897,2025-11-09,South
1898,2025-10-22,East
1899,2025-05-25,West
1900,2025-04-19,South
1901,2025-10-17,West
1902,2025-08-01,North
1903,2025-10-03,North
1904,2025-10-31,North
1905,2025-05-08,East
1906,2025-08-21,South
1907,2025-02-01,North
1908,2025-10-03,North
1909,2025-09-18,South
1910,2025-10-31,North
1911,2025-11-14,West
1912,2025-10-24,South
1913,2025-10-26,South
1914,2025-04-09,South
1915,2025-06-24,West
1916,2025-12-25,South
1917,2025-05-25,West
1918,2025-02-01,South
1919,2025-01-30,East
1920,2025-05-16,North
1921,2025-06-07,East
1922,2025-08-24,North
1923,2025-11-03,West
1924,2025-04-27,East
1925,2025-06-18,South
1926,2025-07-16,North
1927,2025-02-11,North
1928,2025-12-06,East
1929,2025-05-24,West
1930,2025-11-01,East
1931,2025-01-02,West
1932,2025-07-25,West
1933,2025-08-12,North
1934,2025-09-10,East
1935,2025-03-31,East
1936,2025-10-22,West
1937,2025-01-28,East
1938,2025-05-03,South
1939,2025-12-19,South
1940,2025-12-22,East
1941,2025-07-26,East
1942,2025-11-19,West
1943,2025-05-15,South
1944,2025-02-25,South
1945,2025-05-08,North
1946,2025-11-05,West
1947,2025-11-27,North
1948,2025-11-05,South
1949,2025-11-08,West
1950,2025-08-23,East
1951,2025-08-12,West
1952,2025-03-04,East
1953,2025-10-29,East
1954,2025-02-10,West
1955,2025-09-27,East
1956,2025-09-17,North
1957,2025-10-30,South
1958,2025-03-06,East
1959,2025-04-20,North
1960,2025-11-22,East
1961,2025-05-28,South
1962,2025-12-06,North
1963,2025-12-13,South
1964,2025-08-26,South
1965,2025-03-16,North
1966,2025-02-13,North
1967,2025-08-18,North
1968,2025-12-12,West
1969,2025-08-09,North
1970,2025-08-09,North
1971,2025-03-14,North
1972,2025-11-15,North
1973,2025-04-12,East
1974,2025-09-12,West
1975,2025-05-27,South
1976,2025-03-01,North
1977,2025-03-17,East
1978,2025-08-20,East
1979,2025-12-09,East
1980,2025-06-19,South
1981,2025-08-18,North
1982,2025-08-05,West
1983,2025-04-12,West
1984,2025-09-12,East
1985,2025-02-28,South
1986,2025-05-25,South
1987,2025-03-08,South
1988,2025-11-09,West
1989,2025-08-08,East
1990,2025-04-05,North
1991,2025-03-18,West
1992,2025-05-08,East
1993,2025-03-28,East
1994,2025-07-03,North
1995,2025-06-22,North
1996,2025-10-31,North
1997,2025-05-10,South
1998,2025-11-22,North
1999,2025-07-15,East
2000,2025-04-26,North
